municipio,año,periodo,casos,ciclo_vital_adolescencia,ciclo_vital_adulto,ciclo_vital_adulto_mayor,ciclo_vital_infante_mayor,ciclo_vital_infante_menor,regimen_salud_contributivo,regimen_salud_otro,regimen_salud_subsidiado,evento_clasico,evento_grave,sexo_femenino,sexo_masculino
BARANOA,2017,6,1,0,0,0,1,0,0,0,1,1,0,0,1
BARANOA,2017,7,2,0,2,0,0,0,1,0,1,2,0,0,2
BARANOA,2017,11,2,0,2,0,0,0,1,0,1,2,0,1,1
BARANOA,2017,12,1,0,1,0,0,0,1,0,0,1,0,0,1
BARANOA,2017,13,1,0,1,0,0,0,0,0,1,1,0,1,0
BARANOA,2018,2,1,1,0,0,0,0,1,0,0,1,0,1,0
BARANOA,2018,4,1,0,1,0,0,0,0,0,1,1,0,1,0
BARANOA,2018,5,1,0,1,0,0,0,0,0,1,1,0,1,0
BARANOA,2018,6,2,0,2,0,0,0,1,0,1,2,0,0,2
BARANOA,2018,7,3,0,1,0,2,0,0,1,2,3,0,1,2
BARANOA,2018,8,7,2,0,0,5,0,3,0,4,6,1,4,3
BARANOA,2018,9,11,4,1,0,6,0,1,1,9,10,1,4,7
BARANOA,2018,10,32,15,3,0,14,0,15,1,16,30,2,21,11
BARANOA,2018,11,24,16,2,0,6,0,10,0,14,24,0,13,11
BARANOA,2018,12,26,14,6,0,6,0,14,1,11,26,0,8,18
BARANOA,2018,13,54,25,4,0,25,0,19,1,34,54,0,28,26
BARANOA,2019,1,55,28,4,0,23,0,16,2,37,54,1,31,24
BARANOA,2019,2,15,7,2,0,6,0,1,1,13,14,1,10,5
BARANOA,2019,3,19,8,1,0,9,1,3,0,16,19,0,8,11
BARANOA,2019,4,2,1,1,0,0,0,0,0,2,2,0,1,1
BARANOA,2019,5,5,0,0,0,5,0,1,0,4,5,0,0,5
BARANOA,2019,6,3,1,1,0,1,0,2,0,1,3,0,1,2
BARANOA,2019,7,6,3,0,0,3,0,1,0,5,6,0,3,3
BARANOA,2019,8,15,5,3,1,6,0,4,2,9,14,1,7,8
BARANOA,2019,9,27,16,3,0,8,0,6,0,21,26,1,13,14
BARANOA,2019,10,42,27,2,0,13,0,5,2,35,42,0,19,23
BARANOA,2019,11,54,26,7,0,21,0,17,1,36,53,1,27,27
BARANOA,2019,12,67,36,8,0,23,0,16,2,49,65,2,27,40
BARANOA,2019,13,85,47,5,0,33,0,23,2,60,84,1,39,46
BARANOA,2020,1,67,30,9,0,28,0,17,6,44,67,0,40,27
BARANOA,2020,2,31,11,4,1,15,0,8,2,21,30,1,20,11
BARANOA,2020,3,8,4,1,0,3,0,1,1,6,8,0,3,5
BARANOA,2020,4,4,1,0,0,3,0,3,0,1,4,0,3,1
BARANOA,2020,6,1,0,1,0,0,0,0,0,1,1,0,1,0
BARANOA,2020,8,7,4,1,0,2,0,2,0,5,6,1,6,1
BARANOA,2020,9,12,4,2,0,6,0,2,1,9,11,1,5,7
BARANOA,2020,10,7,4,0,0,3,0,0,1,6,7,0,3,4
BARANOA,2020,11,9,6,1,0,2,0,2,0,7,9,0,3,6
BARANOA,2020,12,11,3,0,0,7,1,1,1,9,11,0,7,4
BARANOA,2020,13,10,5,0,0,5,0,3,0,7,10,0,4,6
BARANOA,2020,14,3,2,1,0,0,0,1,0,2,3,0,3,0
BARANOA,2021,1,4,3,0,0,1,0,1,0,3,4,0,3,1
BARANOA,2021,2,1,0,0,0,1,0,0,0,1,0,1,0,1
BARANOA,2021,4,1,0,0,1,0,0,1,0,0,1,0,1,0
BARANOA,2021,7,1,1,0,0,0,0,1,0,0,1,0,0,1
BARANOA,2021,8,2,0,0,0,2,0,0,0,2,2,0,1,1
BARANOA,2021,9,9,5,1,0,3,0,4,0,5,9,0,4,5
BARANOA,2021,10,24,11,3,0,10,0,4,0,20,23,1,9,15
BARANOA,2021,11,18,9,2,0,7,0,3,1,14,18,0,8,10
BARANOA,2021,12,29,15,2,0,12,0,11,3,15,28,1,16,13
BARANOA,2021,13,20,16,2,0,2,0,5,1,14,20,0,14,6
BARANOA,2022,1,6,2,2,0,2,0,1,0,5,6,0,2,4
BARANOA,2022,2,1,0,1,0,0,0,0,0,1,1,0,1,0
BARANOA,2022,3,1,0,1,0,0,0,0,1,0,1,0,0,1
BARANOA,2022,5,1,0,0,0,1,0,0,0,1,1,0,1,0
BARANOA,2022,6,5,0,5,0,0,0,0,1,4,5,0,2,3
BARANOA,2022,7,4,2,1,0,1,0,3,0,1,4,0,1,3
BARANOA,2022,8,15,6,7,0,2,0,7,1,7,15,0,7,8
BARANOA,2022,9,12,8,1,0,3,0,2,1,9,11,1,3,9
BARANOA,2022,10,11,3,2,0,6,0,2,2,7,11,0,4,7
BARANOA,2022,11,18,4,5,0,9,0,9,0,9,18,0,7,11
BARANOA,2022,12,15,5,4,0,6,0,5,0,10,15,0,6,9
BARANOA,2022,13,7,7,0,0,0,0,3,0,4,7,0,0,7
BARANOA,2023,1,12,4,1,0,6,1,2,0,10,11,1,7,5
BARANOA,2023,2,3,1,1,0,1,0,3,0,0,3,0,1,2
BARANOA,2023,3,2,0,2,0,0,0,1,0,1,2,0,2,0
BARANOA,2023,4,3,1,1,0,1,0,2,0,1,3,0,2,1
BARANOA,2023,5,2,1,1,0,0,0,0,0,2,2,0,1,1
BARANOA,2023,6,3,1,1,0,1,0,2,0,1,3,0,3,0
BARANOA,2023,7,2,1,1,0,0,0,2,0,0,2,0,2,0
BARANOA,2023,8,11,6,2,0,3,0,2,1,8,11,0,5,6
BARANOA,2023,9,6,3,1,0,2,0,2,0,4,6,0,0,6
BARANOA,2023,10,12,5,4,1,2,0,0,2,10,12,0,4,8
BARANOA,2023,11,4,1,3,0,0,0,2,0,2,4,0,3,1
BARANOA,2023,12,15,10,4,0,1,0,5,1,9,15,0,11,4
BARANOA,2023,13,14,10,1,0,3,0,3,0,11,14,0,5,9
CAMPO DE LA CRUZ,2017,4,1,0,0,0,1,0,0,0,1,1,0,1,0
CAMPO DE LA CRUZ,2017,6,1,0,1,0,0,0,0,0,1,1,0,0,1
CAMPO DE LA CRUZ,2017,8,1,0,0,0,1,0,0,0,1,1,0,1,0
CAMPO DE LA CRUZ,2017,9,1,0,0,0,1,0,0,0,1,1,0,1,0
CAMPO DE LA CRUZ,2019,5,1,1,0,0,0,0,0,0,1,1,0,0,1
CAMPO DE LA CRUZ,2019,7,7,2,3,0,2,0,1,0,6,6,1,2,5
CAMPO DE LA CRUZ,2019,8,4,1,1,0,2,0,0,0,4,4,0,2,2
CAMPO DE LA CRUZ,2019,9,4,3,0,0,1,0,0,0,4,4,0,2,2
CAMPO DE LA CRUZ,2019,10,2,2,0,0,0,0,0,0,2,2,0,1,1
CAMPO DE LA CRUZ,2019,11,2,1,0,0,1,0,0,0,2,2,0,2,0
CAMPO DE LA CRUZ,2019,12,2,1,1,0,0,0,0,1,1,2,0,1,1
CAMPO DE LA CRUZ,2019,13,8,5,0,0,2,1,2,0,6,8,0,3,5
CAMPO DE LA CRUZ,2020,1,4,2,1,0,1,0,1,0,3,4,0,1,3
CAMPO DE LA CRUZ,2020,3,1,0,0,0,0,1,0,0,1,1,0,0,1
CAMPO DE LA CRUZ,2020,8,1,0,0,0,1,0,0,0,1,1,0,1,0
CAMPO DE LA CRUZ,2021,7,1,0,1,0,0,0,0,0,1,0,1,1,0
CAMPO DE LA CRUZ,2021,8,1,0,1,0,0,0,1,0,0,1,0,0,1
CAMPO DE LA CRUZ,2021,10,2,0,1,0,1,0,1,0,1,1,1,1,1
CAMPO DE LA CRUZ,2021,11,1,0,1,0,0,0,0,0,1,1,0,1,0
CAMPO DE LA CRUZ,2021,12,3,1,0,0,2,0,0,0,3,3,0,1,2
CAMPO DE LA CRUZ,2021,13,7,1,3,0,3,0,1,0,6,6,1,4,3
CAMPO DE LA CRUZ,2022,1,2,1,0,0,1,0,1,0,1,2,0,2,0
CAMPO DE LA CRUZ,2022,2,17,7,2,0,8,0,1,1,15,17,0,6,11
CAMPO DE LA CRUZ,2022,3,5,2,0,0,3,0,0,0,5,5,0,3,2
CAMPO DE LA CRUZ,2022,4,5,0,1,0,4,0,0,0,5,5,0,3,2
CAMPO DE LA CRUZ,2022,5,3,2,0,0,1,0,0,0,3,3,0,0,3
CAMPO DE LA CRUZ,2022,6,11,5,1,0,5,0,0,2,9,9,2,5,6
CAMPO DE LA CRUZ,2022,7,13,4,1,0,7,1,1,3,9,13,0,8,5
CAMPO DE LA CRUZ,2022,8,10,4,4,0,2,0,0,1,9,10,0,4,6
CAMPO DE LA CRUZ,2022,9,6,1,1,0,4,0,0,0,6,5,1,5,1
CAMPO DE LA CRUZ,2022,10,3,1,1,0,1,0,0,0,3,3,0,0,3
CAMPO DE LA CRUZ,2022,11,2,0,1,0,1,0,0,1,1,2,0,1,1
CAMPO DE LA CRUZ,2022,12,2,0,2,0,0,0,0,0,2,2,0,1,1
CAMPO DE LA CRUZ,2023,3,1,0,1,0,0,0,1,0,0,1,0,0,1
CAMPO DE LA CRUZ,2023,5,1,0,0,0,1,0,0,0,1,1,0,1,0
CAMPO DE LA CRUZ,2023,6,1,0,0,0,1,0,0,0,1,1,0,0,1
CAMPO DE LA CRUZ,2023,7,6,2,2,0,1,1,0,0,6,6,0,3,3
CAMPO DE LA CRUZ,2023,8,4,1,0,0,3,0,0,1,3,4,0,3,1
CAMPO DE LA CRUZ,2023,9,1,0,1,0,0,0,0,0,1,1,0,1,0
CAMPO DE LA CRUZ,2023,10,2,0,0,0,2,0,0,1,1,2,0,1,1
CAMPO DE LA CRUZ,2023,13,1,1,0,0,0,0,0,0,1,1,0,0,1
CANDELARIA,2017,8,1,0,1,0,0,0,1,0,0,1,0,1,0
CANDELARIA,2017,9,1,0,1,0,0,0,0,0,1,1,0,0,1
CANDELARIA,2017,10,1,1,0,0,0,0,0,0,1,1,0,0,1
CANDELARIA,2018,11,1,1,0,0,0,0,0,0,1,1,0,0,1
CANDELARIA,2019,5,1,1,0,0,0,0,0,1,0,1,0,1,0
CANDELARIA,2019,6,1,1,0,0,0,0,0,0,1,1,0,0,1
CANDELARIA,2019,7,3,1,0,0,2,0,0,0,3,3,0,2,1
CANDELARIA,2019,8,3,0,0,0,3,0,0,0,3,3,0,3,0
CANDELARIA,2019,9,3,2,1,0,0,0,2,0,1,3,0,1,2
CANDELARIA,2019,10,3,0,0,0,3,0,0,0,3,3,0,2,1
CANDELARIA,2019,11,8,4,1,0,3,0,3,0,5,8,0,2,6
CANDELARIA,2019,12,2,1,0,0,1,0,1,0,1,2,0,1,1
CANDELARIA,2019,13,4,0,1,0,3,0,1,1,2,4,0,2,2
CANDELARIA,2020,1,2,2,0,0,0,0,1,0,1,2,0,2,0
CANDELARIA,2021,10,1,0,0,0,1,0,0,0,1,1,0,0,1
CANDELARIA,2022,5,1,0,1,0,0,0,0,0,1,1,0,0,1
CANDELARIA,2022,6,2,1,0,0,1,0,0,0,2,2,0,2,0
CANDELARIA,2022,7,2,0,0,0,2,0,1,0,1,2,0,0,2
CANDELARIA,2022,8,3,2,0,0,1,0,0,0,3,2,1,2,1
CANDELARIA,2022,9,2,2,0,0,0,0,0,0,2,1,1,2,0
CANDELARIA,2022,11,2,1,0,0,1,0,1,0,1,2,0,1,1
CANDELARIA,2022,12,1,1,0,0,0,0,0,0,1,1,0,1,0
CANDELARIA,2023,2,2,1,0,0,1,0,1,0,1,2,0,0,2
CANDELARIA,2023,9,4,3,1,0,0,0,2,0,2,3,1,2,2
CANDELARIA,2023,13,1,0,1,0,0,0,0,0,1,1,0,1,0
GALAPA,2017,2,2,1,1,0,0,0,0,0,2,2,0,0,2
GALAPA,2017,3,2,0,1,0,1,0,1,0,1,2,0,2,0
GALAPA,2017,4,1,0,1,0,0,0,1,0,0,1,0,1,0
GALAPA,2017,5,2,0,1,1,0,0,0,0,2,2,0,0,2
GALAPA,2017,6,3,1,2,0,0,0,0,0,3,3,0,1,2
GALAPA,2017,7,1,1,0,0,0,0,0,0,1,1,0,0,1
GALAPA,2017,9,2,0,1,0,1,0,0,0,2,2,0,0,2
GALAPA,2017,10,6,1,1,0,4,0,0,0,6,5,1,3,3
GALAPA,2017,11,11,2,7,0,2,0,2,1,8,11,0,3,8
GALAPA,2017,12,2,0,2,0,0,0,1,0,1,2,0,1,1
GALAPA,2017,13,7,2,5,0,0,0,1,1,5,7,0,5,2
GALAPA,2018,1,1,1,0,0,0,0,1,0,0,1,0,1,0
GALAPA,2018,2,1,0,1,0,0,0,1,0,0,1,0,1,0
GALAPA,2018,4,2,1,1,0,0,0,0,0,2,2,0,2,0
GALAPA,2018,5,3,1,2,0,0,0,2,0,1,3,0,3,0
GALAPA,2018,6,1,0,1,0,0,0,0,0,1,1,0,0,1
GALAPA,2018,7,4,0,2,0,2,0,1,0,3,4,0,3,1
GALAPA,2018,8,6,5,0,0,1,0,1,0,5,6,0,4,2
GALAPA,2018,9,3,0,2,0,1,0,1,0,2,3,0,0,3
GALAPA,2018,10,24,8,4,0,11,1,8,1,15,23,1,11,13
GALAPA,2018,11,19,12,1,0,6,0,6,1,12,19,0,8,11
GALAPA,2018,12,25,10,8,0,7,0,6,0,19,24,1,9,16
GALAPA,2018,13,47,28,4,0,15,0,13,2,32,47,0,20,27
GALAPA,2019,1,24,13,1,0,10,0,4,0,20,23,1,15,9
GALAPA,2019,2,8,4,1,0,3,0,3,0,5,8,0,4,4
GALAPA,2019,3,1,0,0,0,1,0,0,0,1,1,0,1,0
GALAPA,2019,4,3,0,2,0,1,0,0,0,3,3,0,1,2
GALAPA,2019,6,1,1,0,0,0,0,0,0,1,1,0,0,1
GALAPA,2019,7,3,1,2,0,0,0,0,1,2,3,0,1,2
GALAPA,2019,8,3,1,1,0,1,0,3,0,0,3,0,1,2
GALAPA,2019,9,2,1,0,0,1,0,0,0,2,2,0,1,1
GALAPA,2019,10,3,1,1,0,1,0,0,0,3,3,0,0,3
GALAPA,2019,11,2,1,0,0,1,0,2,0,0,2,0,0,2
GALAPA,2019,12,2,2,0,0,0,0,1,0,1,2,0,1,1
GALAPA,2019,13,10,8,0,0,2,0,3,0,7,10,0,2,8
GALAPA,2020,1,23,16,1,0,6,0,10,1,12,23,0,13,10
GALAPA,2020,2,4,1,0,0,3,0,2,0,2,4,0,2,2
GALAPA,2020,3,2,1,1,0,0,0,2,0,0,2,0,0,2
GALAPA,2020,4,1,0,0,0,1,0,1,0,0,1,0,1,0
GALAPA,2020,6,2,0,2,0,0,0,2,0,0,2,0,0,2
GALAPA,2020,12,1,0,0,0,1,0,1,0,0,1,0,1,0
GALAPA,2020,14,2,1,1,0,0,0,1,0,1,2,0,1,1
GALAPA,2021,1,7,2,2,0,3,0,3,0,4,6,1,3,4
GALAPA,2021,2,3,1,1,0,1,0,2,1,0,2,1,0,3
GALAPA,2021,6,1,0,0,0,1,0,1,0,0,1,0,1,0
GALAPA,2021,8,1,0,1,0,0,0,1,0,0,1,0,1,0
GALAPA,2021,9,6,2,3,0,1,0,4,0,2,6,0,5,1
GALAPA,2021,10,29,16,6,0,7,0,9,1,19,29,0,15,14
GALAPA,2021,11,28,14,9,0,5,0,9,1,18,26,2,10,18
GALAPA,2021,12,49,23,13,0,13,0,24,1,24,49,0,22,27
GALAPA,2021,13,42,15,14,0,13,0,19,3,20,40,2,22,20
GALAPA,2022,1,21,9,5,0,7,0,14,1,6,20,1,8,13
GALAPA,2022,2,13,7,5,0,1,0,5,0,8,12,1,6,7
GALAPA,2022,3,5,3,1,0,1,0,2,0,3,5,0,1,4
GALAPA,2022,4,5,1,2,0,2,0,3,0,2,5,0,1,4
GALAPA,2022,5,2,2,0,0,0,0,1,0,1,2,0,1,1
GALAPA,2022,6,11,4,7,0,0,0,4,0,7,11,0,6,5
GALAPA,2022,7,9,5,3,0,1,0,3,0,6,7,2,6,3
GALAPA,2022,8,38,19,8,0,11,0,20,0,18,37,1,18,20
GALAPA,2022,9,39,21,11,0,6,1,15,0,24,35,4,17,22
GALAPA,2022,10,39,17,15,0,7,0,10,1,28,37,2,19,20
GALAPA,2022,11,68,34,19,0,15,0,22,2,44,62,6,37,31
GALAPA,2022,12,59,31,12,0,16,0,25,3,31,56,3,30,29
GALAPA,2022,13,53,31,12,0,9,1,21,3,29,53,0,20,33
GALAPA,2023,1,35,15,13,0,7,0,8,2,25,35,0,15,20
GALAPA,2023,2,13,5,4,0,4,0,6,0,7,13,0,6,7
GALAPA,2023,3,1,0,1,0,0,0,1,0,0,1,0,0,1
GALAPA,2023,4,2,0,0,0,2,0,1,0,1,2,0,1,1
GALAPA,2023,5,2,1,0,0,1,0,0,0,2,2,0,1,1
GALAPA,2023,6,1,0,1,0,0,0,1,0,0,1,0,1,0
GALAPA,2023,7,3,1,1,0,1,0,2,0,1,3,0,1,2
GALAPA,2023,8,9,4,4,0,1,0,1,1,7,8,1,2,7
GALAPA,2023,9,4,1,0,0,3,0,1,1,2,4,0,2,2
GALAPA,2023,10,1,0,1,0,0,0,1,0,0,1,0,0,1
GALAPA,2023,11,2,2,0,0,0,0,0,0,2,2,0,2,0
GALAPA,2023,12,2,1,0,0,1,0,0,0,2,2,0,1,1
GALAPA,2023,13,1,1,0,0,0,0,0,0,1,1,0,0,1
JUAN DE ACOSTA,2017,7,1,0,1,0,0,0,1,0,0,1,0,0,1
JUAN DE ACOSTA,2017,13,2,0,1,0,0,1,0,1,1,2,0,1,1
JUAN DE ACOSTA,2018,1,1,0,0,0,1,0,0,1,0,1,0,0,1
JUAN DE ACOSTA,2018,4,1,1,0,0,0,0,0,0,1,1,0,0,1
JUAN DE ACOSTA,2018,5,5,2,1,0,2,0,1,0,4,5,0,4,1
JUAN DE ACOSTA,2018,6,3,0,1,0,2,0,3,0,0,3,0,2,1
JUAN DE ACOSTA,2018,7,2,1,0,0,1,0,0,0,2,2,0,1,1
JUAN DE ACOSTA,2018,8,4,2,0,0,2,0,1,1,2,4,0,0,4
JUAN DE ACOSTA,2018,9,7,4,0,0,3,0,1,1,5,7,0,4,3
JUAN DE ACOSTA,2018,10,6,1,1,0,4,0,3,0,3,6,0,3,3
JUAN DE ACOSTA,2018,11,4,2,0,0,2,0,0,0,4,4,0,1,3
JUAN DE ACOSTA,2018,12,5,1,2,0,2,0,2,0,3,5,0,4,1
JUAN DE ACOSTA,2018,13,11,3,1,0,7,0,0,0,11,11,0,5,6
JUAN DE ACOSTA,2019,1,7,0,3,0,4,0,3,1,3,7,0,4,3
JUAN DE ACOSTA,2019,3,4,2,0,0,2,0,0,0,4,4,0,1,3
JUAN DE ACOSTA,2019,4,1,0,1,0,0,0,0,0,1,1,0,0,1
JUAN DE ACOSTA,2019,5,1,0,0,0,1,0,0,0,1,1,0,1,0
JUAN DE ACOSTA,2019,7,3,2,1,0,0,0,1,0,2,3,0,3,0
JUAN DE ACOSTA,2019,8,4,1,0,0,3,0,0,0,4,4,0,2,2
JUAN DE ACOSTA,2019,9,3,0,1,0,2,0,1,0,2,3,0,2,1
JUAN DE ACOSTA,2019,10,1,1,0,0,0,0,0,0,1,1,0,0,1
JUAN DE ACOSTA,2019,11,2,1,1,0,0,0,1,0,1,2,0,1,1
JUAN DE ACOSTA,2019,12,6,5,0,0,1,0,1,0,5,6,0,4,2
JUAN DE ACOSTA,2019,13,2,1,0,0,1,0,1,0,1,2,0,1,1
JUAN DE ACOSTA,2020,1,2,0,0,0,2,0,1,0,1,2,0,2,0
JUAN DE ACOSTA,2020,3,3,0,2,0,1,0,3,0,0,3,0,2,1
JUAN DE ACOSTA,2020,10,1,0,1,0,0,0,0,1,0,1,0,1,0
JUAN DE ACOSTA,2020,12,1,0,0,0,1,0,0,0,1,1,0,0,1
JUAN DE ACOSTA,2020,13,2,0,1,0,1,0,1,0,1,2,0,1,1
JUAN DE ACOSTA,2021,1,3,0,0,0,3,0,1,0,2,3,0,3,0
JUAN DE ACOSTA,2021,2,1,0,0,0,1,0,0,0,1,1,0,1,0
JUAN DE ACOSTA,2021,6,3,1,2,0,0,0,2,0,1,3,0,1,2
JUAN DE ACOSTA,2021,8,1,1,0,0,0,0,1,0,0,1,0,0,1
JUAN DE ACOSTA,2021,9,4,0,0,0,4,0,2,0,2,4,0,1,3
JUAN DE ACOSTA,2021,10,1,0,1,0,0,0,0,1,0,1,0,0,1
JUAN DE ACOSTA,2021,11,2,1,0,0,1,0,0,1,1,2,0,2,0
JUAN DE ACOSTA,2021,12,9,6,2,0,0,1,0,1,8,9,0,5,4
JUAN DE ACOSTA,2021,13,3,3,0,0,0,0,0,0,3,3,0,3,0
JUAN DE ACOSTA,2022,1,8,1,3,0,4,0,2,1,5,8,0,3,5
JUAN DE ACOSTA,2022,2,3,1,0,0,2,0,0,0,3,3,0,2,1
JUAN DE ACOSTA,2022,3,1,1,0,0,0,0,1,0,0,1,0,0,1
JUAN DE ACOSTA,2022,5,1,1,0,0,0,0,0,1,0,1,0,1,0
JUAN DE ACOSTA,2022,6,2,2,0,0,0,0,0,0,2,2,0,2,0
JUAN DE ACOSTA,2022,7,15,7,3,0,5,0,1,2,12,15,0,8,7
JUAN DE ACOSTA,2022,8,5,3,1,0,1,0,0,0,5,3,2,3,2
JUAN DE ACOSTA,2022,9,3,1,1,0,1,0,3,0,0,3,0,2,1
JUAN DE ACOSTA,2022,10,7,6,0,0,1,0,0,0,7,6,1,3,4
JUAN DE ACOSTA,2022,11,19,11,3,0,5,0,4,4,11,19,0,6,13
JUAN DE ACOSTA,2022,12,14,9,3,0,2,0,2,1,11,14,0,6,8
JUAN DE ACOSTA,2022,13,21,12,2,0,7,0,8,0,13,19,2,10,11
JUAN DE ACOSTA,2023,1,8,7,1,0,0,0,2,0,6,8,0,4,4
JUAN DE ACOSTA,2023,2,8,4,4,0,0,0,2,0,6,8,0,3,5
JUAN DE ACOSTA,2023,3,5,1,3,0,1,0,0,0,5,4,1,3,2
JUAN DE ACOSTA,2023,5,1,0,0,0,1,0,1,0,0,1,0,1,0
JUAN DE ACOSTA,2023,6,2,1,0,0,1,0,1,0,1,2,0,0,2
JUAN DE ACOSTA,2023,7,2,1,1,0,0,0,1,0,1,2,0,1,1
JUAN DE ACOSTA,2023,8,3,1,0,0,2,0,2,0,1,3,0,1,2
JUAN DE ACOSTA,2023,9,1,0,0,0,1,0,0,0,1,1,0,1,0
JUAN DE ACOSTA,2023,13,1,1,0,0,0,0,0,0,1,1,0,1,0
LURUACO,2017,1,2,0,2,0,0,0,0,0,2,2,0,0,2
LURUACO,2017,4,2,0,1,0,1,0,0,0,2,2,0,2,0
LURUACO,2017,5,2,0,2,0,0,0,1,1,0,2,0,1,1
LURUACO,2017,6,2,1,1,0,0,0,0,0,2,2,0,0,2
LURUACO,2017,7,3,0,3,0,0,0,0,0,3,3,0,1,2
LURUACO,2017,10,2,0,1,1,0,0,0,0,2,2,0,1,1
LURUACO,2018,9,2,0,1,0,1,0,1,0,1,2,0,1,1
LURUACO,2018,13,3,2,0,0,1,0,1,0,2,3,0,2,1
LURUACO,2019,2,1,0,0,0,1,0,0,0,1,1,0,0,1
LURUACO,2019,4,1,1,0,0,0,0,0,1,0,0,1,1,0
LURUACO,2019,5,1,0,0,0,1,0,0,0,1,1,0,1,0
LURUACO,2019,7,1,1,0,0,0,0,1,0,0,1,0,0,1
LURUACO,2019,8,1,0,0,0,1,0,0,0,1,1,0,0,1
LURUACO,2019,9,1,0,0,0,1,0,0,0,1,1,0,1,0
LURUACO,2019,10,3,0,2,0,1,0,3,0,0,3,0,1,2
LURUACO,2019,11,11,3,1,0,7,0,3,0,8,10,1,4,7
LURUACO,2019,12,14,5,0,0,9,0,1,0,13,14,0,8,6
LURUACO,2019,13,15,3,0,0,12,0,1,0,14,15,0,8,7
LURUACO,2020,1,19,11,0,0,8,0,3,1,15,19,0,9,10
LURUACO,2020,2,7,5,0,0,1,1,0,0,7,7,0,6,1
LURUACO,2020,3,2,2,0,0,0,0,0,0,2,2,0,1,1
LURUACO,2020,4,1,0,0,0,1,0,1,0,0,1,0,1,0
LURUACO,2020,11,1,0,1,0,0,0,1,0,0,1,0,1,0
LURUACO,2020,13,1,1,0,0,0,0,0,0,1,1,0,1,0
LURUACO,2021,1,2,1,0,0,1,0,0,1,1,2,0,2,0
LURUACO,2021,3,1,0,0,0,1,0,1,0,0,0,1,1,0
LURUACO,2021,5,1,1,0,0,0,0,0,0,1,1,0,0,1
LURUACO,2021,7,6,3,0,0,3,0,1,2,3,6,0,2,4
LURUACO,2021,8,11,4,0,0,7,0,0,0,11,11,0,5,6
LURUACO,2021,9,63,32,6,0,24,1,2,3,58,62,1,28,35
LURUACO,2021,10,53,30,3,0,20,0,2,1,50,53,0,29,24
LURUACO,2021,11,27,17,4,0,6,0,0,3,24,27,0,16,11
LURUACO,2021,12,2,1,0,0,1,0,0,0,2,2,0,1,1
LURUACO,2021,13,2,1,0,0,1,0,0,1,1,2,0,1,1
LURUACO,2022,1,3,0,1,0,2,0,0,0,3,2,1,1,2
LURUACO,2022,2,1,1,0,0,0,0,0,0,1,1,0,1,0
LURUACO,2022,3,1,0,1,0,0,0,1,0,0,1,0,1,0
LURUACO,2022,7,2,0,0,0,2,0,0,0,2,1,1,2,0
LURUACO,2022,10,1,1,0,0,0,0,0,0,1,1,0,0,1
LURUACO,2022,11,2,1,0,0,1,0,0,0,2,2,0,0,2
LURUACO,2022,12,2,0,0,0,2,0,0,0,2,2,0,1,1
LURUACO,2023,2,1,0,0,0,1,0,1,0,0,1,0,1,0
LURUACO,2023,3,1,0,1,0,0,0,0,0,1,1,0,1,0
LURUACO,2023,6,1,0,0,0,1,0,0,0,1,1,0,0,1
LURUACO,2023,10,1,0,0,0,1,0,0,0,1,1,0,1,0
LURUACO,2023,11,1,1,0,0,0,0,0,0,1,1,0,1,0
LURUACO,2023,12,1,1,0,0,0,0,1,0,0,1,0,0,1
MALAMBO,2017,3,1,0,1,0,0,0,0,0,1,1,0,1,0
MALAMBO,2017,5,1,1,0,0,0,0,1,0,0,1,0,1,0
MALAMBO,2017,6,3,1,1,0,1,0,0,0,3,3,0,2,1
MALAMBO,2017,8,1,0,1,0,0,0,0,1,0,1,0,1,0
MALAMBO,2017,9,4,2,2,0,0,0,1,1,2,4,0,2,2
MALAMBO,2017,12,6,0,3,0,3,0,1,0,5,6,0,1,5
MALAMBO,2017,13,6,1,3,0,2,0,4,0,2,6,0,4,2
MALAMBO,2018,1,5,1,0,0,4,0,2,0,3,5,0,2,3
MALAMBO,2018,2,7,2,2,0,3,0,3,0,4,7,0,4,3
MALAMBO,2018,3,3,1,0,0,2,0,1,0,2,3,0,2,1
MALAMBO,2018,4,6,2,2,0,2,0,4,1,1,6,0,5,1
MALAMBO,2018,5,8,5,2,0,1,0,6,0,2,8,0,3,5
MALAMBO,2018,6,14,3,4,0,7,0,2,3,9,13,1,5,9
MALAMBO,2018,7,23,7,6,0,10,0,9,0,14,23,0,10,13
MALAMBO,2018,8,17,3,6,0,8,0,5,1,11,16,1,10,7
MALAMBO,2018,9,14,4,3,0,7,0,3,1,10,14,0,9,5
MALAMBO,2018,10,11,5,2,0,4,0,5,0,6,11,0,6,5
MALAMBO,2018,11,12,3,5,0,4,0,3,1,8,12,0,6,6
MALAMBO,2018,12,19,9,3,0,7,0,6,1,12,18,1,10,9
MALAMBO,2018,13,18,8,3,0,7,0,12,0,6,18,0,8,10
MALAMBO,2019,1,20,6,4,0,10,0,11,2,7,19,1,7,13
MALAMBO,2019,2,16,7,2,0,7,0,5,0,11,16,0,7,9
MALAMBO,2019,3,10,3,0,0,7,0,5,2,3,10,0,5,5
MALAMBO,2019,4,12,6,2,0,4,0,6,0,6,12,0,10,2
MALAMBO,2019,5,7,5,1,0,1,0,2,1,4,6,1,4,3
MALAMBO,2019,6,4,3,0,0,1,0,2,1,1,4,0,1,3
MALAMBO,2019,7,7,2,3,0,2,0,4,1,2,7,0,3,4
MALAMBO,2019,8,4,1,0,0,3,0,2,1,1,4,0,2,2
MALAMBO,2019,9,5,3,0,0,2,0,2,0,3,5,0,3,2
MALAMBO,2019,10,4,3,0,0,1,0,1,0,3,4,0,3,1
MALAMBO,2019,11,15,4,2,0,9,0,5,2,8,14,1,10,5
MALAMBO,2019,12,27,13,5,0,9,0,10,0,17,26,1,18,9
MALAMBO,2019,13,33,16,5,0,11,1,15,0,18,32,1,19,14
MALAMBO,2020,1,44,21,11,0,10,2,20,4,20,40,4,27,17
MALAMBO,2020,2,33,21,5,0,7,0,14,2,17,33,0,13,20
MALAMBO,2020,3,28,13,7,0,8,0,15,1,12,27,1,13,15
MALAMBO,2020,4,14,9,2,0,3,0,7,2,5,14,0,6,8
MALAMBO,2020,5,8,5,0,0,3,0,1,0,7,8,0,4,4
MALAMBO,2020,6,4,1,1,0,2,0,2,2,0,4,0,2,2
MALAMBO,2020,7,2,2,0,0,0,0,1,0,1,2,0,1,1
MALAMBO,2020,8,2,0,0,0,2,0,1,0,1,2,0,1,1
MALAMBO,2020,9,7,3,0,0,4,0,3,1,3,7,0,6,1
MALAMBO,2020,10,21,14,3,0,4,0,11,3,7,21,0,7,14
MALAMBO,2020,11,13,5,1,0,7,0,5,1,7,13,0,3,10
MALAMBO,2020,12,16,8,5,0,3,0,9,0,7,16,0,8,8
MALAMBO,2020,13,23,9,4,0,10,0,13,1,9,23,0,8,15
MALAMBO,2020,14,6,3,0,0,3,0,1,0,5,6,0,2,4
MALAMBO,2021,1,21,5,1,0,15,0,8,3,10,21,0,10,11
MALAMBO,2021,2,22,11,1,0,10,0,10,1,11,22,0,11,11
MALAMBO,2021,3,29,12,3,0,13,1,8,1,20,29,0,18,11
MALAMBO,2021,4,16,7,0,0,8,1,6,1,9,15,1,10,6
MALAMBO,2021,5,9,2,2,0,5,0,2,0,7,9,0,5,4
MALAMBO,2021,6,10,3,0,0,5,2,3,2,5,10,0,6,4
MALAMBO,2021,7,27,9,4,0,14,0,10,2,15,27,0,16,11
MALAMBO,2021,8,72,34,2,0,35,1,17,3,52,69,3,34,38
MALAMBO,2021,9,122,53,11,0,58,0,40,13,69,121,1,61,61
MALAMBO,2021,10,136,59,12,0,65,0,45,10,81,133,3,67,69
MALAMBO,2021,11,122,51,15,0,56,0,43,7,72,122,0,49,73
MALAMBO,2021,12,94,45,10,0,39,0,30,12,52,92,2,46,48
MALAMBO,2021,13,50,22,9,0,19,0,17,8,25,47,3,23,27
MALAMBO,2022,1,19,7,5,0,6,1,10,0,9,17,2,7,12
MALAMBO,2022,2,11,3,1,0,7,0,4,0,7,9,2,5,6
MALAMBO,2022,3,11,5,3,0,3,0,6,0,5,11,0,6,5
MALAMBO,2022,4,7,1,1,0,5,0,5,0,2,7,0,3,4
MALAMBO,2022,5,8,4,1,0,3,0,2,2,4,7,1,2,6
MALAMBO,2022,6,10,5,1,0,4,0,3,1,6,10,0,8,2
MALAMBO,2022,7,10,2,3,0,5,0,4,2,4,10,0,7,3
MALAMBO,2022,8,13,6,1,0,5,1,4,2,7,13,0,6,7
MALAMBO,2022,9,14,3,5,1,5,0,6,2,6,14,0,6,8
MALAMBO,2022,10,23,8,6,0,9,0,10,0,13,22,1,8,15
MALAMBO,2022,11,41,22,9,0,10,0,16,7,18,37,4,21,20
MALAMBO,2022,12,34,14,8,0,12,0,14,3,17,32,2,15,19
MALAMBO,2022,13,44,26,6,0,12,0,16,3,25,42,2,27,17
MALAMBO,2023,1,28,13,4,0,11,0,8,2,18,28,0,11,17
MALAMBO,2023,2,25,11,5,0,9,0,6,3,16,25,0,14,11
MALAMBO,2023,3,24,8,6,0,10,0,8,3,13,24,0,10,14
MALAMBO,2023,4,10,4,1,0,5,0,3,2,5,10,0,6,4
MALAMBO,2023,5,5,3,1,0,1,0,3,2,0,5,0,2,3
MALAMBO,2023,6,4,0,1,0,3,0,0,0,4,4,0,1,3
MALAMBO,2023,7,8,3,1,0,4,0,2,0,6,8,0,5,3
MALAMBO,2023,8,10,4,5,0,1,0,1,3,6,10,0,5,5
MALAMBO,2023,9,14,4,7,0,2,1,4,2,8,14,0,4,10
MALAMBO,2023,10,12,7,3,0,1,1,3,0,9,12,0,4,8
MALAMBO,2023,11,6,2,4,0,0,0,1,0,5,6,0,4,2
MALAMBO,2023,12,6,1,3,0,2,0,2,0,4,6,0,2,4
MALAMBO,2023,13,6,4,2,0,0,0,1,0,5,6,0,2,4
MANATÍ,2017,10,1,0,1,0,0,0,0,0,1,1,0,1,0
MANATÍ,2017,12,2,1,1,0,0,0,0,1,1,2,0,1,1
MANATÍ,2017,13,1,0,1,0,0,0,1,0,0,1,0,1,0
MANATÍ,2018,1,2,0,0,0,2,0,0,2,0,2,0,2,0
MANATÍ,2018,11,2,0,0,0,2,0,1,0,1,2,0,2,0
MANATÍ,2019,3,2,0,1,0,1,0,0,1,1,2,0,0,2
MANATÍ,2019,5,4,0,0,0,4,0,0,0,4,4,0,1,3
MANATÍ,2019,7,10,5,0,0,4,1,1,1,8,10,0,2,8
MANATÍ,2019,8,10,6,2,0,2,0,1,0,9,9,1,5,5
MANATÍ,2019,9,7,2,1,0,4,0,1,0,6,7,0,4,3
MANATÍ,2019,10,3,1,0,0,2,0,0,0,3,3,0,2,1
MANATÍ,2019,11,4,3,0,0,1,0,0,0,4,4,0,1,3
MANATÍ,2019,12,8,5,3,0,0,0,1,0,7,8,0,3,5
MANATÍ,2019,13,1,1,0,0,0,0,0,0,1,1,0,0,1
MANATÍ,2020,5,1,0,1,0,0,0,0,0,1,1,0,1,0
MANATÍ,2020,8,1,0,1,0,0,0,0,0,1,1,0,1,0
MANATÍ,2020,9,1,1,0,0,0,0,0,0,1,1,0,0,1
MANATÍ,2020,10,1,0,0,0,1,0,0,0,1,1,0,0,1
MANATÍ,2020,11,1,0,0,0,1,0,0,0,1,1,0,0,1
MANATÍ,2020,12,1,0,0,0,1,0,0,0,1,1,0,1,0
MANATÍ,2021,7,1,0,1,0,0,0,0,0,1,1,0,1,0
MANATÍ,2021,8,1,1,0,0,0,0,0,0,1,1,0,1,0
MANATÍ,2021,9,1,1,0,0,0,0,1,0,0,1,0,0,1
MANATÍ,2021,10,14,9,1,0,4,0,0,1,13,14,0,5,9
MANATÍ,2021,11,15,4,3,0,8,0,1,1,13,15,0,9,6
MANATÍ,2021,12,11,6,0,0,5,0,0,0,11,11,0,7,4
MANATÍ,2021,13,5,2,0,0,3,0,0,0,5,5,0,3,2
MANATÍ,2022,1,6,3,0,0,3,0,0,0,6,6,0,3,3
MANATÍ,2022,2,4,3,0,0,1,0,0,0,4,4,0,0,4
MANATÍ,2022,3,6,2,3,0,1,0,0,1,5,6,0,1,5
MANATÍ,2022,4,4,3,1,0,0,0,0,0,4,4,0,2,2
MANATÍ,2022,5,11,7,1,0,3,0,0,2,9,11,0,5,6
MANATÍ,2022,6,25,13,1,0,11,0,4,4,17,24,1,13,12
MANATÍ,2022,7,24,13,5,0,6,0,1,1,22,24,0,12,12
MANATÍ,2022,8,29,17,1,0,11,0,1,1,27,28,1,14,15
MANATÍ,2022,9,16,11,0,1,4,0,0,0,16,13,3,8,8
MANATÍ,2022,10,9,4,1,0,4,0,0,0,9,8,1,6,3
MANATÍ,2022,11,1,1,0,0,0,0,0,0,1,1,0,0,1
MANATÍ,2022,12,2,0,2,0,0,0,0,0,2,2,0,0,2
MANATÍ,2023,1,1,0,0,1,0,0,0,0,1,1,0,1,0
MANATÍ,2023,2,1,1,0,0,0,0,0,0,1,1,0,1,0
MANATÍ,2023,3,1,0,1,0,0,0,0,0,1,1,0,1,0
MANATÍ,2023,5,1,0,1,0,0,0,0,0,1,1,0,0,1
MANATÍ,2023,7,1,0,0,0,1,0,0,0,1,1,0,1,0
MANATÍ,2023,8,2,1,1,0,0,0,0,0,2,2,0,2,0
MANATÍ,2023,9,1,0,0,0,1,0,0,0,1,1,0,0,1
MANATÍ,2023,12,1,1,0,0,0,0,0,0,1,1,0,0,1
PALMAR DE VARELA,2017,3,1,1,0,0,0,0,0,1,0,1,0,0,1
PALMAR DE VARELA,2017,5,6,0,2,0,3,1,3,0,3,6,0,1,5
PALMAR DE VARELA,2017,6,1,0,1,0,0,0,0,0,1,1,0,0,1
PALMAR DE VARELA,2017,7,1,1,0,0,0,0,0,0,1,1,0,1,0
PALMAR DE VARELA,2017,10,1,0,1,0,0,0,0,0,1,1,0,1,0
PALMAR DE VARELA,2018,5,1,0,1,0,0,0,0,0,1,1,0,1,0
PALMAR DE VARELA,2018,11,1,0,0,0,1,0,0,0,1,1,0,1,0
PALMAR DE VARELA,2018,12,2,1,0,0,1,0,2,0,0,2,0,1,1
PALMAR DE VARELA,2018,13,2,0,1,0,1,0,0,0,2,2,0,1,1
PALMAR DE VARELA,2019,1,5,1,2,0,2,0,1,0,4,5,0,2,3
PALMAR DE VARELA,2019,2,2,1,0,0,1,0,0,0,2,2,0,1,1
PALMAR DE VARELA,2019,5,1,1,0,0,0,0,0,0,1,1,0,0,1
PALMAR DE VARELA,2019,7,5,2,1,0,2,0,0,1,4,4,1,1,4
PALMAR DE VARELA,2019,8,7,3,1,0,3,0,2,0,5,7,0,4,3
PALMAR DE VARELA,2019,11,1,0,0,0,1,0,0,0,1,1,0,1,0
PALMAR DE VARELA,2019,12,2,0,0,0,2,0,1,0,1,2,0,1,1
PALMAR DE VARELA,2020,1,3,0,3,0,0,0,3,0,0,3,0,2,1
PALMAR DE VARELA,2020,2,11,3,4,0,3,1,1,2,8,11,0,8,3
PALMAR DE VARELA,2020,3,1,0,0,0,1,0,1,0,0,1,0,0,1
PALMAR DE VARELA,2020,5,1,0,1,0,0,0,0,1,0,1,0,0,1
PALMAR DE VARELA,2021,10,2,1,0,0,1,0,1,0,1,2,0,2,0
PALMAR DE VARELA,2021,11,2,0,0,0,2,0,1,0,1,2,0,0,2
PALMAR DE VARELA,2021,12,3,2,0,0,1,0,1,0,2,3,0,2,1
PALMAR DE VARELA,2021,13,1,0,0,0,1,0,0,0,1,1,0,1,0
PALMAR DE VARELA,2022,1,1,0,1,0,0,0,0,0,1,1,0,0,1
PALMAR DE VARELA,2022,4,2,0,0,0,2,0,2,0,0,2,0,2,0
PALMAR DE VARELA,2022,8,4,2,2,0,0,0,1,0,3,4,0,3,1
PALMAR DE VARELA,2022,9,1,1,0,0,0,0,0,0,1,1,0,1,0
PALMAR DE VARELA,2022,11,1,0,0,0,1,0,1,0,0,1,0,1,0
PALMAR DE VARELA,2022,12,5,2,3,0,0,0,2,0,3,4,1,3,2
PALMAR DE VARELA,2022,13,2,2,0,0,0,0,0,0,2,2,0,0,2
PALMAR DE VARELA,2023,1,4,2,1,0,1,0,1,1,2,4,0,2,2
PALMAR DE VARELA,2023,2,3,1,0,0,2,0,2,0,1,3,0,1,2
PALMAR DE VARELA,2023,3,1,0,1,0,0,0,0,0,1,1,0,0,1
PALMAR DE VARELA,2023,4,4,1,1,0,2,0,1,0,3,4,0,3,1
PALMAR DE VARELA,2023,5,5,3,0,0,2,0,3,0,2,5,0,4,1
PALMAR DE VARELA,2023,6,1,0,0,0,1,0,0,0,1,1,0,1,0
PALMAR DE VARELA,2023,7,1,1,0,0,0,0,1,0,0,1,0,1,0
PALMAR DE VARELA,2023,8,3,1,1,0,1,0,0,0,3,3,0,1,2
PALMAR DE VARELA,2023,9,2,0,0,0,2,0,1,0,1,2,0,2,0
PALMAR DE VARELA,2023,10,4,3,0,0,1,0,0,3,1,4,0,2,2
PALMAR DE VARELA,2023,11,2,1,0,0,1,0,0,0,2,2,0,1,1
PALMAR DE VARELA,2023,12,1,0,1,0,0,0,1,0,0,1,0,0,1
PIOJÓ,2018,5,1,0,1,0,0,0,1,0,0,1,0,1,0
PIOJÓ,2018,6,6,2,3,0,1,0,3,0,3,6,0,3,3
PIOJÓ,2020,3,2,2,0,0,0,0,2,0,0,2,0,0,2
PIOJÓ,2020,4,4,2,1,0,1,0,3,1,0,4,0,2,2
PIOJÓ,2021,1,1,0,0,0,1,0,0,0,1,1,0,0,1
PIOJÓ,2021,2,1,1,0,0,0,0,0,0,1,1,0,0,1
PIOJÓ,2021,3,1,0,0,0,1,0,0,0,1,1,0,1,0
PIOJÓ,2021,10,4,1,0,0,3,0,1,0,3,4,0,3,1
PIOJÓ,2021,11,2,0,0,0,2,0,0,0,2,2,0,1,1
PIOJÓ,2021,12,1,0,1,0,0,0,0,0,1,1,0,1,0
PIOJÓ,2022,3,1,0,0,0,1,0,0,0,1,1,0,1,0
PIOJÓ,2022,5,2,1,0,0,1,0,0,0,2,2,0,2,0
PIOJÓ,2022,6,3,0,0,0,3,0,0,0,3,2,1,3,0
PIOJÓ,2022,7,1,0,0,0,1,0,0,0,1,1,0,1,0
PIOJÓ,2022,10,1,0,1,0,0,0,0,0,1,1,0,0,1
PIOJÓ,2022,13,2,2,0,0,0,0,0,0,2,2,0,0,2
PIOJÓ,2023,7,2,2,0,0,0,0,0,0,2,2,0,0,2
PIOJÓ,2023,8,3,2,0,0,1,0,0,0,3,3,0,0,3
PIOJÓ,2023,9,6,3,1,0,2,0,1,0,5,5,1,1,5
PIOJÓ,2023,10,19,9,1,0,9,0,0,0,19,19,0,9,10
PIOJÓ,2023,12,3,1,0,0,2,0,0,0,3,3,0,1,2
PIOJÓ,2023,13,3,3,0,0,0,0,2,0,1,3,0,0,3
POLONUEVO,2017,8,1,0,0,0,1,0,0,0,1,1,0,0,1
POLONUEVO,2017,9,1,0,0,0,1,0,0,0,1,1,0,0,1
POLONUEVO,2017,11,1,0,1,0,0,0,0,0,1,1,0,0,1
POLONUEVO,2017,12,2,0,1,0,1,0,0,0,2,2,0,0,2
POLONUEVO,2018,1,2,1,1,0,0,0,0,0,2,2,0,2,0
POLONUEVO,2018,2,1,0,1,0,0,0,0,0,1,1,0,0,1
POLONUEVO,2018,5,1,0,0,0,1,0,1,0,0,1,0,0,1
POLONUEVO,2018,6,5,1,0,0,4,0,4,0,1,5,0,3,2
POLONUEVO,2018,7,14,3,1,0,10,0,5,0,9,14,0,2,12
POLONUEVO,2018,8,6,1,0,0,5,0,3,0,3,6,0,3,3
POLONUEVO,2018,9,11,4,1,0,6,0,4,0,7,11,0,3,8
POLONUEVO,2018,10,21,11,2,0,8,0,11,0,10,20,1,11,10
POLONUEVO,2018,11,61,32,7,0,22,0,16,1,44,61,0,35,26
POLONUEVO,2018,12,59,32,5,0,22,0,26,1,32,58,1,25,34
POLONUEVO,2018,13,18,6,2,0,10,0,10,0,8,18,0,5,13
POLONUEVO,2019,1,10,7,0,0,3,0,5,0,5,10,0,4,6
POLONUEVO,2019,2,2,0,1,0,1,0,0,0,2,2,0,1,1
POLONUEVO,2019,3,1,0,0,0,1,0,0,0,1,1,0,1,0
POLONUEVO,2019,4,2,1,0,0,1,0,2,0,0,2,0,1,1
POLONUEVO,2019,5,5,1,2,0,2,0,2,0,3,5,0,2,3
POLONUEVO,2019,6,5,3,1,0,1,0,2,0,3,5,0,1,4
POLONUEVO,2019,7,7,3,1,0,3,0,2,0,5,7,0,4,3
POLONUEVO,2019,8,35,17,7,0,11,0,5,0,30,33,2,17,18
POLONUEVO,2019,9,34,17,7,0,10,0,11,1,22,34,0,20,14
POLONUEVO,2019,10,4,1,0,0,2,1,1,0,3,4,0,2,2
POLONUEVO,2019,11,5,3,2,0,0,0,2,0,3,5,0,3,2
POLONUEVO,2019,12,1,1,0,0,0,0,0,0,1,1,0,0,1
POLONUEVO,2019,13,5,1,1,0,3,0,1,0,4,5,0,2,3
POLONUEVO,2020,1,6,2,3,0,1,0,2,0,4,6,0,5,1
POLONUEVO,2020,2,1,0,1,0,0,0,0,1,0,1,0,0,1
POLONUEVO,2020,3,1,0,1,0,0,0,0,0,1,1,0,0,1
POLONUEVO,2020,5,1,1,0,0,0,0,0,0,1,1,0,0,1
POLONUEVO,2020,6,1,0,0,0,1,0,0,0,1,1,0,0,1
POLONUEVO,2020,7,1,0,0,0,1,0,1,0,0,1,0,0,1
POLONUEVO,2020,10,2,0,1,0,0,1,2,0,0,2,0,2,0
POLONUEVO,2021,8,2,2,0,0,0,0,0,0,2,2,0,1,1
POLONUEVO,2021,9,3,1,0,0,2,0,0,0,3,3,0,2,1
POLONUEVO,2021,10,8,4,3,0,1,0,3,1,4,8,0,4,4
POLONUEVO,2021,11,6,4,1,0,1,0,1,1,4,6,0,3,3
POLONUEVO,2021,12,3,2,0,0,1,0,0,0,3,3,0,1,2
POLONUEVO,2021,13,5,2,1,0,1,1,2,0,3,5,0,3,2
POLONUEVO,2022,1,3,2,0,0,0,1,0,0,3,3,0,0,3
POLONUEVO,2022,4,3,1,2,0,0,0,0,0,3,3,0,0,3
POLONUEVO,2022,5,2,0,0,0,2,0,1,0,1,2,0,1,1
POLONUEVO,2022,6,1,0,0,0,1,0,0,0,1,1,0,1,0
POLONUEVO,2022,7,3,1,0,0,2,0,0,0,3,3,0,2,1
POLONUEVO,2022,8,2,2,0,0,0,0,0,0,2,2,0,1,1
POLONUEVO,2022,9,1,1,0,0,0,0,0,0,1,1,0,1,0
POLONUEVO,2022,10,3,0,3,0,0,0,1,0,2,3,0,2,1
POLONUEVO,2022,11,1,0,0,0,0,1,1,0,0,1,0,0,1
POLONUEVO,2022,12,5,0,3,0,2,0,3,0,2,5,0,2,3
POLONUEVO,2022,13,2,0,2,0,0,0,1,0,1,2,0,0,2
POLONUEVO,2023,1,1,0,0,0,1,0,1,0,0,1,0,0,1
POLONUEVO,2023,6,1,0,0,0,1,0,0,0,1,1,0,0,1
POLONUEVO,2023,7,4,1,2,0,1,0,1,0,3,4,0,2,2
POLONUEVO,2023,8,4,0,1,0,3,0,1,0,3,4,0,2,2
POLONUEVO,2023,10,1,0,1,0,0,0,1,0,0,1,0,0,1
POLONUEVO,2023,13,2,0,1,0,1,0,1,0,1,2,0,0,2
PONEDERA,2017,3,1,0,0,0,1,0,0,0,1,1,0,1,0
PONEDERA,2017,10,1,0,1,0,0,0,0,0,1,1,0,0,1
PONEDERA,2017,12,1,1,0,0,0,0,0,0,1,1,0,0,1
PONEDERA,2018,2,1,0,1,0,0,0,0,0,1,1,0,0,1
PONEDERA,2018,10,1,0,1,0,0,0,0,0,1,1,0,0,1
PONEDERA,2018,12,4,2,1,0,1,0,1,0,3,4,0,3,1
PONEDERA,2019,1,3,2,0,0,1,0,0,0,3,3,0,0,3
PONEDERA,2019,2,3,2,0,0,1,0,0,0,3,3,0,2,1
PONEDERA,2019,3,2,1,0,0,1,0,0,1,1,2,0,2,0
PONEDERA,2019,7,3,1,1,0,1,0,0,0,3,3,0,3,0
PONEDERA,2019,8,1,0,0,0,1,0,0,0,1,1,0,1,0
PONEDERA,2019,9,2,0,2,0,0,0,1,0,1,2,0,1,1
PONEDERA,2019,10,8,3,2,0,3,0,3,0,5,8,0,3,5
PONEDERA,2019,11,4,1,1,0,2,0,1,0,3,4,0,2,2
PONEDERA,2019,12,14,7,2,0,5,0,3,0,11,14,0,10,4
PONEDERA,2019,13,16,6,2,0,8,0,4,2,10,16,0,7,9
PONEDERA,2020,1,12,1,1,0,10,0,4,1,7,12,0,6,6
PONEDERA,2020,2,10,5,1,0,4,0,3,1,6,10,0,7,3
PONEDERA,2020,3,1,0,0,0,1,0,0,1,0,1,0,1,0
PONEDERA,2020,5,1,0,0,0,1,0,0,0,1,1,0,1,0
PONEDERA,2020,10,1,0,0,0,1,0,0,0,1,1,0,1,0
PONEDERA,2020,13,1,1,0,0,0,0,1,0,0,1,0,1,0
PONEDERA,2020,14,1,1,0,0,0,0,0,0,1,1,0,1,0
PONEDERA,2021,8,2,1,1,0,0,0,0,0,2,2,0,0,2
PONEDERA,2021,9,1,0,1,0,0,0,0,0,1,1,0,1,0
PONEDERA,2021,10,1,1,0,0,0,0,0,0,1,1,0,1,0
PONEDERA,2021,12,3,1,1,0,1,0,0,0,3,2,1,2,1
PONEDERA,2021,13,2,1,1,0,0,0,1,1,0,2,0,1,1
PONEDERA,2022,2,1,0,1,0,0,0,0,0,1,1,0,0,1
PONEDERA,2022,7,5,2,1,0,2,0,1,0,4,5,0,4,1
PONEDERA,2022,8,3,1,1,0,1,0,0,0,3,3,0,1,2
PONEDERA,2022,9,4,1,3,0,0,0,0,1,3,3,1,1,3
PONEDERA,2022,10,6,1,3,0,1,1,1,0,5,6,0,2,4
PONEDERA,2022,11,15,11,3,0,1,0,1,2,12,14,1,5,10
PONEDERA,2022,12,3,3,0,0,0,0,0,0,3,3,0,1,2
PONEDERA,2022,13,1,0,1,0,0,0,1,0,0,1,0,1,0
PONEDERA,2023,1,1,1,0,0,0,0,0,0,1,1,0,0,1
PONEDERA,2023,2,1,0,1,0,0,0,1,0,0,1,0,1,0
PONEDERA,2023,3,2,1,0,0,1,0,0,0,2,2,0,1,1
PONEDERA,2023,5,1,1,0,0,0,0,0,0,1,1,0,0,1
PONEDERA,2023,6,1,0,1,0,0,0,0,1,0,1,0,0,1
PONEDERA,2023,8,5,0,5,0,0,0,0,0,5,5,0,1,4
PONEDERA,2023,10,5,1,2,0,2,0,2,0,3,5,0,4,1
PONEDERA,2023,11,9,6,2,0,1,0,3,1,5,9,0,3,6
PONEDERA,2023,12,16,8,5,0,3,0,3,0,13,16,0,10,6
PONEDERA,2023,13,9,6,2,0,1,0,2,0,7,9,0,6,3
PUERTO COLOMBIA,2017,3,1,1,0,0,0,0,0,0,1,1,0,1,0
PUERTO COLOMBIA,2017,10,3,0,2,0,1,0,1,0,2,3,0,2,1
PUERTO COLOMBIA,2017,11,3,0,3,0,0,0,2,0,1,3,0,2,1
PUERTO COLOMBIA,2017,12,1,0,1,0,0,0,1,0,0,1,0,0,1
PUERTO COLOMBIA,2017,13,6,0,2,0,4,0,3,1,2,5,1,4,2
PUERTO COLOMBIA,2018,1,2,0,2,0,0,0,2,0,0,2,0,2,0
PUERTO COLOMBIA,2018,2,1,0,1,0,0,0,1,0,0,1,0,0,1
PUERTO COLOMBIA,2018,5,1,1,0,0,0,0,0,1,0,1,0,0,1
PUERTO COLOMBIA,2018,6,1,0,1,0,0,0,0,1,0,1,0,0,1
PUERTO COLOMBIA,2018,7,5,0,2,0,3,0,3,0,2,5,0,2,3
PUERTO COLOMBIA,2018,8,4,2,1,0,1,0,2,0,2,4,0,3,1
PUERTO COLOMBIA,2018,9,2,0,2,0,0,0,1,0,1,2,0,1,1
PUERTO COLOMBIA,2018,11,6,4,1,0,1,0,3,0,3,6,0,1,5
PUERTO COLOMBIA,2018,12,13,6,2,0,5,0,4,1,8,13,0,5,8
PUERTO COLOMBIA,2018,13,3,1,0,0,2,0,1,0,2,3,0,0,3
PUERTO COLOMBIA,2019,1,3,0,3,0,0,0,3,0,0,3,0,1,2
PUERTO COLOMBIA,2019,5,2,0,0,0,2,0,1,0,1,2,0,1,1
PUERTO COLOMBIA,2019,6,7,1,5,0,1,0,4,0,3,7,0,3,4
PUERTO COLOMBIA,2019,7,2,0,2,0,0,0,0,0,2,2,0,1,1
PUERTO COLOMBIA,2019,8,2,0,1,0,1,0,1,0,1,2,0,2,0
PUERTO COLOMBIA,2019,9,1,0,1,0,0,0,0,0,1,1,0,0,1
PUERTO COLOMBIA,2019,10,1,1,0,0,0,0,1,0,0,1,0,0,1
PUERTO COLOMBIA,2019,11,4,1,0,1,2,0,0,1,3,4,0,2,2
PUERTO COLOMBIA,2019,12,8,2,4,0,2,0,5,0,3,8,0,6,2
PUERTO COLOMBIA,2019,13,11,6,2,0,3,0,5,2,4,11,0,5,6
PUERTO COLOMBIA,2020,1,9,3,2,0,4,0,5,2,2,8,1,1,8
PUERTO COLOMBIA,2020,2,8,1,5,0,2,0,5,0,3,8,0,3,5
PUERTO COLOMBIA,2020,3,5,3,1,0,1,0,1,0,4,5,0,4,1
PUERTO COLOMBIA,2020,4,1,1,0,0,0,0,1,0,0,1,0,1,0
PUERTO COLOMBIA,2020,10,1,1,0,0,0,0,0,0,1,1,0,1,0
PUERTO COLOMBIA,2020,11,1,0,1,0,0,0,1,0,0,1,0,1,0
PUERTO COLOMBIA,2021,1,1,1,0,0,0,0,0,0,1,1,0,0,1
PUERTO COLOMBIA,2021,2,2,0,1,0,1,0,2,0,0,2,0,2,0
PUERTO COLOMBIA,2021,5,1,0,1,0,0,0,1,0,0,1,0,0,1
PUERTO COLOMBIA,2021,8,1,0,0,0,1,0,0,1,0,1,0,0,1
PUERTO COLOMBIA,2021,11,4,0,3,0,1,0,2,1,1,4,0,2,2
PUERTO COLOMBIA,2021,12,27,11,2,0,14,0,9,0,18,24,3,12,15
PUERTO COLOMBIA,2021,13,34,14,8,0,12,0,13,3,18,34,0,24,10
PUERTO COLOMBIA,2022,1,25,14,5,0,6,0,10,2,13,22,3,10,15
PUERTO COLOMBIA,2022,2,17,7,3,0,7,0,11,1,5,14,3,8,9
PUERTO COLOMBIA,2022,3,9,3,1,0,5,0,2,0,7,8,1,6,3
PUERTO COLOMBIA,2022,4,8,4,0,0,4,0,3,0,5,7,1,4,4
PUERTO COLOMBIA,2022,5,23,7,7,0,9,0,11,1,11,22,1,12,11
PUERTO COLOMBIA,2022,6,66,36,17,0,13,0,23,5,38,56,10,29,37
PUERTO COLOMBIA,2022,7,76,45,18,0,13,0,30,4,42,72,4,25,51
PUERTO COLOMBIA,2022,8,113,54,44,0,15,0,51,10,52,103,10,58,55
PUERTO COLOMBIA,2022,9,57,31,17,0,9,0,26,2,29,55,2,30,27
PUERTO COLOMBIA,2022,10,51,26,15,0,10,0,25,4,22,44,7,31,20
PUERTO COLOMBIA,2022,11,36,10,13,0,13,0,21,4,11,33,3,16,20
PUERTO COLOMBIA,2022,12,32,15,11,0,6,0,18,2,12,29,3,15,17
PUERTO COLOMBIA,2022,13,26,10,11,0,5,0,13,2,11,25,1,10,16
PUERTO COLOMBIA,2023,1,9,4,1,0,4,0,7,0,2,9,0,5,4
PUERTO COLOMBIA,2023,2,5,3,2,0,0,0,3,0,2,4,1,3,2
PUERTO COLOMBIA,2023,3,7,3,1,0,3,0,4,1,2,6,1,2,5
PUERTO COLOMBIA,2023,4,3,1,2,0,0,0,0,0,3,3,0,1,2
PUERTO COLOMBIA,2023,5,4,0,2,0,2,0,2,0,2,4,0,1,3
PUERTO COLOMBIA,2023,6,3,0,2,0,1,0,2,0,1,3,0,2,1
PUERTO COLOMBIA,2023,7,1,0,0,0,1,0,0,0,1,1,0,1,0
PUERTO COLOMBIA,2023,8,5,0,5,0,0,0,5,0,0,5,0,2,3
PUERTO COLOMBIA,2023,10,4,2,1,0,1,0,2,0,2,4,0,2,2
PUERTO COLOMBIA,2023,11,5,3,0,0,2,0,3,0,2,5,0,4,1
PUERTO COLOMBIA,2023,12,2,0,2,0,0,0,2,0,0,2,0,1,1
PUERTO COLOMBIA,2023,13,5,1,2,0,2,0,1,0,4,5,0,4,1
REPELÓN,2017,9,2,0,1,0,1,0,0,0,2,2,0,2,0
REPELÓN,2017,10,4,0,2,0,1,1,1,0,3,4,0,2,2
REPELÓN,2017,11,1,1,0,0,0,0,0,0,1,1,0,0,1
REPELÓN,2017,12,2,2,0,0,0,0,0,1,1,2,0,0,2
REPELÓN,2017,13,2,2,0,0,0,0,0,0,2,2,0,1,1
REPELÓN,2018,10,1,0,1,0,0,0,0,0,1,1,0,0,1
REPELÓN,2019,7,1,1,0,0,0,0,1,0,0,1,0,1,0
REPELÓN,2019,10,1,0,0,0,1,0,0,0,1,1,0,1,0
REPELÓN,2019,12,4,2,0,0,2,0,0,2,2,3,1,1,3
REPELÓN,2019,13,17,9,0,0,8,0,3,2,12,17,0,5,12
REPELÓN,2020,1,20,11,1,0,7,1,5,1,14,20,0,12,8
REPELÓN,2020,2,12,7,0,0,5,0,2,1,9,12,0,4,8
REPELÓN,2020,3,5,4,0,0,1,0,2,0,3,5,0,3,2
REPELÓN,2020,4,1,1,0,0,0,0,1,0,0,1,0,1,0
REPELÓN,2020,5,4,3,0,0,1,0,1,0,3,4,0,2,2
REPELÓN,2020,6,4,2,2,0,0,0,1,0,3,4,0,3,1
REPELÓN,2020,8,1,0,0,0,1,0,0,0,1,1,0,1,0
REPELÓN,2020,9,3,2,0,0,1,0,1,2,0,3,0,2,1
REPELÓN,2020,10,2,1,0,0,1,0,1,0,1,2,0,0,2
REPELÓN,2020,11,2,1,0,0,1,0,1,0,1,2,0,1,1
REPELÓN,2020,12,1,0,0,0,1,0,0,0,1,1,0,1,0
REPELÓN,2020,13,2,0,0,0,2,0,0,0,2,2,0,1,1
REPELÓN,2021,1,2,1,1,0,0,0,0,0,2,2,0,1,1
REPELÓN,2021,11,1,0,0,0,1,0,0,0,1,1,0,0,1
REPELÓN,2021,12,1,0,0,0,1,0,0,0,1,1,0,0,1
REPELÓN,2021,13,2,0,2,0,0,0,0,0,2,1,1,0,2
REPELÓN,2022,7,1,0,0,0,1,0,0,0,1,0,1,1,0
REPELÓN,2022,9,1,1,0,0,0,0,0,0,1,1,0,1,0
REPELÓN,2022,10,1,0,1,0,0,0,0,0,1,0,1,1,0
REPELÓN,2022,12,1,0,1,0,0,0,0,0,1,0,1,0,1
REPELÓN,2023,1,1,0,1,0,0,0,0,0,1,1,0,0,1
REPELÓN,2023,9,3,1,1,0,1,0,2,0,1,3,0,1,2
SABANAGRANDE,2017,1,1,0,1,0,0,0,1,0,0,1,0,0,1
SABANAGRANDE,2017,2,1,0,0,0,0,1,0,0,1,1,0,0,1
SABANAGRANDE,2017,3,1,0,0,0,1,0,0,0,1,1,0,0,1
SABANAGRANDE,2017,6,1,0,1,0,0,0,0,0,1,1,0,0,1
SABANAGRANDE,2017,12,1,0,0,0,1,0,1,0,0,1,0,0,1
SABANAGRANDE,2018,1,2,0,0,0,2,0,2,0,0,2,0,1,1
SABANAGRANDE,2018,4,1,0,1,0,0,0,1,0,0,1,0,1,0
SABANAGRANDE,2018,6,1,1,0,0,0,0,0,0,1,1,0,0,1
SABANAGRANDE,2018,8,2,0,1,0,1,0,1,0,1,2,0,1,1
SABANAGRANDE,2018,9,1,1,0,0,0,0,0,0,1,1,0,0,1
SABANAGRANDE,2018,10,1,0,1,0,0,0,0,0,1,1,0,0,1
SABANAGRANDE,2018,11,3,0,1,0,2,0,1,0,2,3,0,1,2
SABANAGRANDE,2018,12,1,1,0,0,0,0,0,0,1,1,0,1,0
SABANAGRANDE,2019,3,2,1,1,0,0,0,0,0,2,2,0,1,1
SABANAGRANDE,2019,7,1,0,0,0,1,0,0,1,0,1,0,1,0
SABANAGRANDE,2019,8,2,0,1,0,1,0,1,1,0,2,0,0,2
SABANAGRANDE,2019,9,2,0,2,0,0,0,1,0,1,2,0,1,1
SABANAGRANDE,2019,10,2,1,0,0,1,0,0,0,2,2,0,1,1
SABANAGRANDE,2019,11,1,1,0,0,0,0,0,0,1,1,0,0,1
SABANAGRANDE,2019,12,1,0,1,0,0,0,0,0,1,1,0,0,1
SABANAGRANDE,2019,13,3,2,0,0,1,0,1,0,2,3,0,2,1
SABANAGRANDE,2020,1,4,2,0,0,2,0,1,1,2,4,0,2,2
SABANAGRANDE,2020,2,2,0,0,0,2,0,1,0,1,2,0,1,1
SABANAGRANDE,2020,11,1,0,1,0,0,0,1,0,0,1,0,0,1
SABANAGRANDE,2020,12,4,1,2,0,1,0,1,0,3,4,0,1,3
SABANAGRANDE,2020,13,10,4,1,0,5,0,2,2,6,10,0,8,2
SABANAGRANDE,2020,14,6,4,2,0,0,0,2,0,4,6,0,1,5
SABANAGRANDE,2021,1,9,5,2,0,2,0,1,0,8,9,0,5,4
SABANAGRANDE,2021,2,2,0,1,0,1,0,0,0,2,2,0,1,1
SABANAGRANDE,2021,6,1,0,1,0,0,0,1,0,0,1,0,0,1
SABANAGRANDE,2021,10,2,1,0,0,1,0,2,0,0,2,0,1,1
SABANAGRANDE,2021,12,1,1,0,0,0,0,1,0,0,1,0,0,1
SABANAGRANDE,2021,13,4,1,2,0,1,0,2,0,2,3,1,3,1
SABANAGRANDE,2022,1,1,0,0,0,1,0,1,0,0,1,0,1,0
SABANAGRANDE,2022,2,1,1,0,0,0,0,0,0,1,1,0,0,1
SABANAGRANDE,2022,8,2,1,0,0,1,0,0,0,2,2,0,1,1
SABANAGRANDE,2022,9,3,1,0,0,2,0,0,1,2,3,0,0,3
SABANAGRANDE,2022,10,1,1,0,0,0,0,0,0,1,1,0,1,0
SABANAGRANDE,2022,11,4,0,2,0,2,0,1,0,3,4,0,2,2
SABANAGRANDE,2022,12,3,1,2,0,0,0,1,0,2,3,0,1,2
SABANAGRANDE,2023,1,1,1,0,0,0,0,1,0,0,1,0,0,1
SABANAGRANDE,2023,3,2,0,1,0,1,0,2,0,0,2,0,0,2
SABANAGRANDE,2023,4,1,0,0,0,1,0,0,0,1,1,0,0,1
SABANAGRANDE,2023,7,1,0,0,0,1,0,0,0,1,1,0,0,1
SABANAGRANDE,2023,10,1,0,1,0,0,0,1,0,0,1,0,1,0
SABANAGRANDE,2023,13,1,0,0,0,1,0,1,0,0,1,0,0,1
SABANALARGA,2017,2,2,1,1,0,0,0,1,0,1,2,0,1,1
SABANALARGA,2017,4,1,0,1,0,0,0,0,0,1,1,0,1,0
SABANALARGA,2017,5,2,0,1,0,1,0,0,0,2,2,0,1,1
SABANALARGA,2017,6,1,0,0,0,1,0,1,0,0,1,0,0,1
SABANALARGA,2017,7,2,0,2,0,0,0,0,0,2,2,0,1,1
SABANALARGA,2017,11,1,0,1,0,0,0,1,0,0,1,0,0,1
SABANALARGA,2017,12,1,0,1,0,0,0,1,0,0,1,0,1,0
SABANALARGA,2018,1,1,0,0,0,1,0,1,0,0,1,0,1,0
SABANALARGA,2018,2,1,0,1,0,0,0,1,0,0,1,0,0,1
SABANALARGA,2018,3,2,0,1,0,1,0,1,0,1,2,0,1,1
SABANALARGA,2018,5,1,0,1,0,0,0,0,0,1,1,0,0,1
SABANALARGA,2018,6,3,0,1,0,2,0,1,0,2,3,0,1,2
SABANALARGA,2018,7,2,0,1,0,1,0,1,0,1,2,0,2,0
SABANALARGA,2018,8,8,4,0,0,4,0,2,1,5,8,0,4,4
SABANALARGA,2018,9,7,4,1,0,2,0,3,0,4,7,0,5,2
SABANALARGA,2018,10,10,2,4,0,4,0,2,1,7,10,0,3,7
SABANALARGA,2018,11,15,6,1,0,8,0,4,1,10,15,0,12,3
SABANALARGA,2018,12,21,9,5,0,7,0,7,1,13,20,1,11,10
SABANALARGA,2018,13,28,14,2,0,11,1,9,2,17,28,0,15,13
SABANALARGA,2019,1,30,9,1,0,20,0,9,1,20,29,1,17,13
SABANALARGA,2019,2,19,8,3,0,8,0,3,1,15,19,0,12,7
SABANALARGA,2019,3,7,3,1,0,3,0,1,1,5,7,0,1,6
SABANALARGA,2019,4,10,7,0,0,3,0,0,0,10,10,0,8,2
SABANALARGA,2019,5,18,8,1,0,8,1,2,0,16,18,0,14,4
SABANALARGA,2019,6,15,5,2,0,8,0,3,0,12,15,0,7,8
SABANALARGA,2019,7,35,18,1,0,16,0,11,2,22,35,0,25,10
SABANALARGA,2019,8,27,8,2,0,17,0,7,1,19,27,0,13,14
SABANALARGA,2019,9,28,13,4,0,11,0,11,1,16,28,0,12,16
SABANALARGA,2019,10,17,11,2,0,3,1,6,1,10,17,0,7,10
SABANALARGA,2019,11,35,17,3,0,15,0,12,1,22,35,0,20,15
SABANALARGA,2019,12,37,14,6,0,17,0,10,3,24,35,2,25,12
SABANALARGA,2019,13,43,17,2,0,24,0,12,3,28,43,0,22,21
SABANALARGA,2020,1,31,12,4,0,15,0,15,4,12,31,0,18,13
SABANALARGA,2020,2,16,11,1,0,4,0,8,1,7,15,1,11,5
SABANALARGA,2020,3,6,4,0,0,2,0,2,2,2,6,0,4,2
SABANALARGA,2020,4,2,0,0,0,2,0,0,0,2,2,0,2,0
SABANALARGA,2020,6,2,0,1,0,1,0,0,0,2,2,0,2,0
SABANALARGA,2020,8,4,1,1,0,2,0,2,0,2,4,0,0,4
SABANALARGA,2020,9,7,2,1,0,4,0,1,0,6,6,1,3,4
SABANALARGA,2020,10,7,3,1,0,3,0,2,0,5,7,0,2,5
SABANALARGA,2020,11,16,8,2,0,6,0,1,1,14,13,3,8,8
SABANALARGA,2020,12,9,5,1,0,3,0,1,2,6,9,0,1,8
SABANALARGA,2020,13,19,13,0,0,6,0,5,0,14,19,0,13,6
SABANALARGA,2020,14,3,2,0,0,1,0,0,1,2,3,0,1,2
SABANALARGA,2021,1,9,5,1,0,2,1,4,0,5,8,1,3,6
SABANALARGA,2021,2,3,3,0,0,0,0,0,0,3,2,1,2,1
SABANALARGA,2021,4,1,0,1,0,0,0,1,0,0,1,0,0,1
SABANALARGA,2021,5,2,0,2,0,0,0,1,0,1,2,0,2,0
SABANALARGA,2021,6,1,0,0,0,1,0,1,0,0,1,0,0,1
SABANALARGA,2021,7,4,3,1,0,0,0,2,0,2,4,0,3,1
SABANALARGA,2021,8,12,5,2,0,5,0,6,0,6,12,0,6,6
SABANALARGA,2021,9,14,6,5,0,3,0,2,2,10,14,0,6,8
SABANALARGA,2021,10,15,7,2,0,6,0,4,1,10,14,1,4,11
SABANALARGA,2021,11,48,21,6,0,21,0,10,5,33,48,0,27,21
SABANALARGA,2021,12,39,21,7,0,10,1,15,3,21,37,2,22,17
SABANALARGA,2021,13,26,12,2,0,12,0,3,6,17,25,1,10,16
SABANALARGA,2022,1,22,10,2,1,9,0,7,1,14,19,3,13,9
SABANALARGA,2022,2,8,5,1,0,2,0,4,1,3,8,0,3,5
SABANALARGA,2022,3,5,1,1,0,3,0,2,0,3,5,0,1,4
SABANALARGA,2022,4,7,4,1,0,2,0,4,0,3,7,0,5,2
SABANALARGA,2022,5,6,5,0,0,1,0,2,0,4,6,0,3,3
SABANALARGA,2022,6,20,9,3,0,8,0,9,0,11,17,3,12,8
SABANALARGA,2022,7,40,17,7,1,15,0,11,1,28,39,1,18,22
SABANALARGA,2022,8,46,20,8,0,18,0,18,2,26,45,1,19,27
SABANALARGA,2022,9,41,24,2,0,15,0,7,1,33,40,1,22,19
SABANALARGA,2022,10,24,12,3,0,9,0,7,0,17,22,2,14,10
SABANALARGA,2022,11,42,24,4,1,13,0,11,1,30,40,2,15,27
SABANALARGA,2022,12,25,13,0,1,10,1,7,0,18,24,1,11,14
SABANALARGA,2022,13,25,11,5,0,9,0,9,2,14,25,0,14,11
SABANALARGA,2023,1,14,5,2,0,7,0,9,0,5,14,0,6,8
SABANALARGA,2023,2,8,1,3,1,3,0,5,0,3,7,1,3,5
SABANALARGA,2023,3,3,2,1,0,0,0,2,1,0,3,0,1,2
SABANALARGA,2023,4,5,2,3,0,0,0,2,0,3,5,0,3,2
SABANALARGA,2023,5,2,1,1,0,0,0,1,0,1,2,0,0,2
SABANALARGA,2023,6,2,1,1,0,0,0,1,0,1,2,0,1,1
SABANALARGA,2023,7,1,0,1,0,0,0,0,0,1,1,0,0,1
SABANALARGA,2023,8,5,3,1,0,1,0,1,0,4,4,1,1,4
SABANALARGA,2023,9,4,1,2,0,1,0,1,0,3,4,0,0,4
SABANALARGA,2023,10,3,0,1,0,2,0,0,0,3,3,0,2,1
SABANALARGA,2023,11,4,0,3,1,0,0,0,1,3,4,0,2,2
SABANALARGA,2023,12,2,0,2,0,0,0,0,0,2,2,0,2,0
SABANALARGA,2023,13,3,2,1,0,0,0,1,0,2,3,0,1,2
SANTA LUCÍA,2019,4,1,1,0,0,0,0,0,0,1,1,0,1,0
SANTA LUCÍA,2019,13,2,0,0,0,2,0,0,0,2,2,0,1,1
SANTA LUCÍA,2020,1,1,0,0,0,1,0,0,0,1,1,0,0,1
SANTA LUCÍA,2020,5,3,2,1,0,0,0,0,1,2,3,0,1,2
SANTA LUCÍA,2020,6,3,1,0,0,2,0,0,0,3,3,0,1,2
SANTA LUCÍA,2020,7,1,0,0,0,1,0,0,0,1,1,0,1,0
SANTA LUCÍA,2020,8,4,2,0,0,2,0,0,2,2,4,0,1,3
SANTA LUCÍA,2020,9,4,2,0,0,2,0,0,0,4,4,0,1,3
SANTA LUCÍA,2020,10,1,0,0,0,1,0,1,0,0,1,0,0,1
SANTA LUCÍA,2021,10,2,0,0,0,2,0,0,0,2,2,0,2,0
SANTA LUCÍA,2021,11,3,1,1,0,1,0,0,0,3,3,0,1,2
SANTA LUCÍA,2021,12,1,0,0,0,1,0,0,0,1,1,0,0,1
SANTA LUCÍA,2021,13,2,0,0,0,2,0,0,0,2,2,0,2,0
SANTA LUCÍA,2022,1,3,0,0,0,3,0,0,0,3,3,0,2,1
SANTA LUCÍA,2022,2,5,1,1,0,3,0,0,0,5,5,0,1,4
SANTA LUCÍA,2022,3,1,0,1,0,0,0,0,1,0,1,0,0,1
SANTA LUCÍA,2022,4,1,1,0,0,0,0,0,0,1,1,0,1,0
SANTA LUCÍA,2022,13,1,1,0,0,0,0,0,0,1,1,0,0,1
SANTA LUCÍA,2023,1,1,0,0,1,0,0,0,0,1,1,0,0,1
SANTA LUCÍA,2023,5,1,0,0,0,1,0,0,0,1,1,0,1,0
SANTO TOMÁS,2017,1,1,1,0,0,0,0,0,0,1,1,0,0,1
SANTO TOMÁS,2017,6,3,0,3,0,0,0,2,0,1,3,0,0,3
SANTO TOMÁS,2017,7,1,0,1,0,0,0,1,0,0,1,0,1,0
SANTO TOMÁS,2017,8,3,0,2,0,1,0,1,0,2,3,0,2,1
SANTO TOMÁS,2017,9,2,2,0,0,0,0,1,0,1,2,0,1,1
SANTO TOMÁS,2017,13,1,0,1,0,0,0,1,0,0,1,0,0,1
SANTO TOMÁS,2018,1,2,0,1,0,1,0,1,0,1,2,0,1,1
SANTO TOMÁS,2018,3,1,1,0,0,0,0,0,0,1,1,0,1,0
SANTO TOMÁS,2018,5,1,0,1,0,0,0,1,0,0,1,0,0,1
SANTO TOMÁS,2018,6,1,0,0,0,1,0,1,0,0,1,0,1,0
SANTO TOMÁS,2018,11,1,1,0,0,0,0,1,0,0,1,0,1,0
SANTO TOMÁS,2018,12,1,0,1,0,0,0,1,0,0,1,0,0,1
SANTO TOMÁS,2019,5,1,0,1,0,0,0,0,0,1,1,0,0,1
SANTO TOMÁS,2019,6,1,0,1,0,0,0,0,0,1,1,0,0,1
SANTO TOMÁS,2019,7,2,1,0,0,1,0,1,0,1,2,0,1,1
SANTO TOMÁS,2019,8,2,1,1,0,0,0,1,0,1,2,0,2,0
SANTO TOMÁS,2019,9,1,1,0,0,0,0,0,0,1,1,0,0,1
SANTO TOMÁS,2019,11,2,1,1,0,0,0,0,0,2,2,0,2,0
SANTO TOMÁS,2019,12,1,0,1,0,0,0,1,0,0,1,0,0,1
SANTO TOMÁS,2019,13,1,0,0,0,1,0,0,0,1,1,0,0,1
SANTO TOMÁS,2020,1,1,1,0,0,0,0,0,0,1,1,0,0,1
SANTO TOMÁS,2020,2,2,1,0,0,1,0,0,0,2,2,0,1,1
SANTO TOMÁS,2020,3,1,0,0,0,1,0,0,0,1,1,0,1,0
SANTO TOMÁS,2020,4,1,0,1,0,0,0,1,0,0,1,0,0,1
SANTO TOMÁS,2020,8,1,0,0,0,1,0,1,0,0,1,0,0,1
SANTO TOMÁS,2020,11,2,0,0,0,2,0,1,0,1,2,0,0,2
SANTO TOMÁS,2020,13,1,0,1,0,0,0,0,0,1,1,0,0,1
SANTO TOMÁS,2021,1,2,0,1,0,1,0,1,0,1,2,0,1,1
SANTO TOMÁS,2021,9,1,1,0,0,0,0,0,1,0,1,0,0,1
SANTO TOMÁS,2021,10,1,0,0,0,1,0,0,0,1,1,0,1,0
SANTO TOMÁS,2021,11,1,0,1,0,0,0,1,0,0,1,0,0,1
SANTO TOMÁS,2021,12,4,2,2,0,0,0,0,0,4,4,0,1,3
SANTO TOMÁS,2021,13,2,0,2,0,0,0,1,0,1,2,0,2,0
SANTO TOMÁS,2022,1,1,0,0,0,1,0,1,0,0,1,0,0,1
SANTO TOMÁS,2022,2,1,1,0,0,0,0,0,0,1,1,0,0,1
SANTO TOMÁS,2022,3,1,0,1,0,0,0,1,0,0,1,0,1,0
SANTO TOMÁS,2022,4,2,1,0,0,1,0,1,0,1,2,0,0,2
SANTO TOMÁS,2022,8,1,0,0,1,0,0,0,0,1,1,0,1,0
SANTO TOMÁS,2022,9,2,1,1,0,0,0,0,0,2,2,0,2,0
SANTO TOMÁS,2022,10,1,1,0,0,0,0,1,0,0,1,0,1,0
SANTO TOMÁS,2022,11,4,0,3,0,1,0,1,0,3,4,0,1,3
SANTO TOMÁS,2022,12,1,1,0,0,0,0,0,0,1,1,0,1,0
SANTO TOMÁS,2022,13,2,1,1,0,0,0,1,0,1,2,0,0,2
SANTO TOMÁS,2023,1,3,1,1,0,1,0,0,0,3,3,0,1,2
SANTO TOMÁS,2023,5,4,1,3,0,0,0,2,0,2,4,0,3,1
SANTO TOMÁS,2023,6,1,0,1,0,0,0,1,0,0,1,0,1,0
SANTO TOMÁS,2023,8,1,1,0,0,0,0,0,0,1,1,0,0,1
SANTO TOMÁS,2023,9,1,0,1,0,0,0,0,0,1,1,0,0,1
SANTO TOMÁS,2023,10,2,1,1,0,0,0,0,0,2,2,0,1,1
SANTO TOMÁS,2023,11,2,1,1,0,0,0,1,0,1,2,0,1,1
SANTO TOMÁS,2023,12,4,1,3,0,0,0,1,1,2,4,0,3,1
SANTO TOMÁS,2023,13,1,1,0,0,0,0,0,0,1,1,0,1,0
SOLEDAD,2017,1,6,1,2,0,3,0,1,0,5,6,0,3,3
SOLEDAD,2017,2,3,1,0,0,2,0,1,1,1,3,0,2,1
SOLEDAD,2017,3,6,1,2,0,3,0,4,0,2,6,0,2,4
SOLEDAD,2017,4,3,1,1,0,1,0,1,2,0,3,0,0,3
SOLEDAD,2017,5,6,0,3,0,3,0,4,0,2,6,0,3,3
SOLEDAD,2017,6,7,0,4,0,3,0,4,0,3,5,2,2,5
SOLEDAD,2017,7,6,4,1,0,1,0,3,0,3,6,0,3,3
SOLEDAD,2017,8,15,6,6,0,3,0,8,0,7,15,0,5,10
SOLEDAD,2017,9,30,15,9,0,6,0,14,6,10,28,2,13,17
SOLEDAD,2017,10,36,11,16,0,9,0,17,5,14,35,1,20,16
SOLEDAD,2017,11,52,23,12,0,16,1,27,5,20,52,0,22,30
SOLEDAD,2017,12,51,21,19,0,11,0,28,4,19,49,2,24,27
SOLEDAD,2017,13,103,47,25,0,29,2,58,4,41,103,0,53,50
SOLEDAD,2018,1,132,60,31,0,41,0,75,7,50,132,0,68,64
SOLEDAD,2018,2,88,43,21,0,23,1,48,6,34,87,1,41,47
SOLEDAD,2018,3,25,12,7,0,6,0,12,2,11,23,2,8,17
SOLEDAD,2018,4,15,3,7,0,4,1,9,1,5,14,1,5,10
SOLEDAD,2018,5,19,7,6,0,6,0,10,3,6,19,0,8,11
SOLEDAD,2018,6,11,3,3,0,5,0,8,0,3,10,1,4,7
SOLEDAD,2018,7,24,5,11,0,8,0,12,1,11,24,0,5,19
SOLEDAD,2018,8,42,27,6,0,8,1,25,4,13,41,1,15,27
SOLEDAD,2018,9,47,21,10,0,15,1,24,4,19,47,0,23,24
SOLEDAD,2018,10,53,17,16,1,18,1,26,3,24,50,3,22,31
SOLEDAD,2018,11,51,18,13,0,19,1,29,9,13,51,0,18,33
SOLEDAD,2018,12,84,33,18,0,33,0,47,1,36,84,0,43,41
SOLEDAD,2018,13,84,44,19,0,21,0,48,2,34,83,1,34,50
SOLEDAD,2019,1,82,37,15,0,30,0,50,3,29,81,1,39,43
SOLEDAD,2019,2,48,21,7,1,18,1,23,1,24,47,1,23,25
SOLEDAD,2019,3,11,5,1,0,5,0,7,0,4,11,0,5,6
SOLEDAD,2019,4,9,4,3,0,2,0,7,0,2,9,0,6,3
SOLEDAD,2019,5,8,2,2,0,4,0,4,1,3,8,0,5,3
SOLEDAD,2019,6,14,5,3,0,6,0,8,1,5,14,0,5,9
SOLEDAD,2019,7,27,13,3,0,11,0,18,1,8,27,0,14,13
SOLEDAD,2019,8,32,14,8,0,8,2,23,2,7,31,1,13,19
SOLEDAD,2019,9,19,5,8,0,6,0,12,1,6,19,0,8,11
SOLEDAD,2019,10,26,11,5,0,10,0,13,3,10,26,0,11,15
SOLEDAD,2019,11,55,23,11,0,20,1,30,3,22,55,0,21,34
SOLEDAD,2019,12,123,47,19,0,55,2,67,4,52,123,0,58,65
SOLEDAD,2019,13,156,83,21,0,52,0,75,6,75,154,2,69,87
SOLEDAD,2020,1,203,101,39,0,63,0,135,19,49,199,4,100,103
SOLEDAD,2020,2,107,53,26,0,28,0,66,9,32,107,0,60,47
SOLEDAD,2020,3,37,13,12,0,12,0,22,2,13,35,2,20,17
SOLEDAD,2020,4,6,2,3,0,1,0,4,1,1,6,0,2,4
SOLEDAD,2020,5,4,3,1,0,0,0,2,0,2,4,0,1,3
SOLEDAD,2020,6,6,0,5,0,1,0,3,1,2,6,0,2,4
SOLEDAD,2020,7,3,1,1,0,1,0,2,1,0,3,0,1,2
SOLEDAD,2020,8,4,1,1,0,2,0,1,1,2,4,0,0,4
SOLEDAD,2020,9,9,4,4,0,1,0,6,0,3,9,0,5,4
SOLEDAD,2020,10,10,3,3,0,4,0,5,1,4,10,0,6,4
SOLEDAD,2020,11,10,2,4,1,3,0,6,1,3,10,0,3,7
SOLEDAD,2020,12,20,7,4,0,9,0,11,0,9,19,1,12,8
SOLEDAD,2020,13,33,9,13,0,11,0,21,2,10,33,0,21,12
SOLEDAD,2020,14,10,5,2,0,3,0,4,2,4,10,0,6,4
SOLEDAD,2021,1,25,5,9,0,11,0,14,0,11,24,1,13,12
SOLEDAD,2021,2,26,7,8,0,11,0,14,5,7,26,0,11,15
SOLEDAD,2021,3,13,8,4,0,1,0,7,0,6,13,0,2,11
SOLEDAD,2021,4,8,1,5,0,2,0,7,0,1,8,0,1,7
SOLEDAD,2021,5,5,1,3,0,1,0,4,0,1,5,0,4,1
SOLEDAD,2021,6,14,6,3,0,4,1,7,1,6,14,0,6,8
SOLEDAD,2021,7,20,11,3,0,6,0,8,2,10,20,0,7,13
SOLEDAD,2021,8,34,15,7,0,12,0,15,3,16,32,2,17,17
SOLEDAD,2021,9,81,46,6,0,29,0,32,8,41,80,1,42,39
SOLEDAD,2021,10,186,102,30,0,53,1,85,13,88,179,7,85,101
SOLEDAD,2021,11,292,142,57,1,92,0,123,23,146,287,5,126,166
SOLEDAD,2021,12,500,253,123,0,123,1,273,44,183,492,8,218,282
SOLEDAD,2021,13,347,147,99,0,100,1,188,33,126,338,9,172,175
SOLEDAD,2022,1,184,80,54,0,50,0,105,20,59,177,7,80,104
SOLEDAD,2022,2,118,64,16,0,38,0,69,11,38,117,1,55,63
SOLEDAD,2022,3,54,26,10,0,17,1,30,11,13,54,0,31,23
SOLEDAD,2022,4,23,15,4,0,4,0,10,6,7,20,3,10,13
SOLEDAD,2022,5,17,6,8,0,3,0,8,3,6,17,0,6,11
SOLEDAD,2022,6,30,10,9,0,11,0,14,8,8,25,5,8,22
SOLEDAD,2022,7,61,27,20,0,14,0,41,5,15,59,2,27,34
SOLEDAD,2022,8,106,50,25,0,31,0,54,9,43,104,2,51,55
SOLEDAD,2022,9,136,63,38,0,35,0,70,16,50,134,2,64,72
SOLEDAD,2022,10,184,91,54,0,39,0,92,9,83,177,7,79,105
SOLEDAD,2022,11,287,150,70,0,66,1,122,27,138,275,12,144,143
SOLEDAD,2022,12,418,214,119,0,85,0,182,30,206,401,17,198,220
SOLEDAD,2022,13,507,271,124,0,111,1,239,56,212,491,16,241,266
SOLEDAD,2023,1,402,205,108,0,88,1,182,36,184,394,8,190,212
SOLEDAD,2023,2,210,87,60,0,63,0,102,17,91,206,4,88,122
SOLEDAD,2023,3,72,39,18,0,14,1,30,4,38,70,2,36,36
SOLEDAD,2023,4,32,11,12,0,9,0,12,0,20,32,0,13,19
SOLEDAD,2023,5,49,13,20,0,16,0,24,2,23,46,3,26,23
SOLEDAD,2023,6,32,8,14,0,10,0,13,2,17,31,1,11,21
SOLEDAD,2023,7,49,21,16,1,11,0,20,7,22,49,0,20,29
SOLEDAD,2023,8,102,50,23,0,29,0,37,5,60,102,0,52,50
SOLEDAD,2023,9,71,27,22,0,22,0,31,4,36,70,1,38,33
SOLEDAD,2023,10,64,30,16,1,17,0,24,5,35,63,1,25,39
SOLEDAD,2023,11,45,22,13,0,10,0,24,4,17,45,0,19,26
SOLEDAD,2023,12,68,25,28,1,14,0,31,9,28,68,0,31,37
SOLEDAD,2023,13,54,27,17,0,10,0,22,0,32,54,0,25,29
SUAN,2018,6,1,0,0,0,1,0,1,0,0,1,0,1,0
SUAN,2019,1,1,0,0,0,1,0,0,0,1,1,0,1,0
SUAN,2019,2,1,0,0,0,1,0,0,0,1,1,0,1,0
SUAN,2019,6,1,1,0,0,0,0,0,0,1,1,0,1,0
SUAN,2019,7,2,1,0,0,1,0,0,0,2,2,0,2,0
SUAN,2019,8,1,1,0,0,0,0,0,0,1,1,0,0,1
SUAN,2019,9,5,2,0,0,3,0,1,1,3,5,0,1,4
SUAN,2019,10,1,0,0,0,1,0,1,0,0,1,0,0,1
SUAN,2019,11,1,1,0,0,0,0,0,0,1,1,0,0,1
SUAN,2019,12,4,0,0,0,4,0,1,0,3,4,0,2,2
SUAN,2019,13,3,0,1,0,2,0,0,0,3,3,0,2,1
SUAN,2020,1,9,8,0,0,1,0,7,1,1,9,0,4,5
SUAN,2020,2,3,3,0,0,0,0,2,0,1,3,0,0,3
SUAN,2020,3,1,1,0,0,0,0,1,0,0,1,0,0,1
SUAN,2020,4,2,1,0,0,1,0,1,0,1,2,0,1,1
SUAN,2021,11,1,0,0,0,1,0,0,0,1,1,0,0,1
SUAN,2021,12,1,1,0,0,0,0,0,0,1,1,0,0,1
SUAN,2021,13,2,0,0,0,2,0,1,0,1,2,0,1,1
SUAN,2022,1,4,1,2,0,1,0,1,0,3,4,0,2,2
SUAN,2022,2,12,5,1,0,6,0,0,2,10,12,0,7,5
SUAN,2022,3,7,0,1,0,6,0,1,1,5,7,0,3,4
SUAN,2022,4,2,1,0,0,1,0,0,0,2,2,0,0,2
SUAN,2022,5,5,3,0,0,2,0,0,0,5,5,0,1,4
SUAN,2022,6,14,4,2,0,8,0,2,2,10,10,4,8,6
SUAN,2022,7,7,3,1,0,3,0,0,0,7,7,0,3,4
SUAN,2022,8,10,8,1,0,1,0,2,0,8,10,0,3,7
SUAN,2022,9,3,1,2,0,0,0,1,1,1,3,0,0,3
SUAN,2022,10,1,0,0,0,1,0,0,0,1,1,0,0,1
SUAN,2023,6,2,1,1,0,0,0,0,0,2,2,0,2,0
SUAN,2023,8,1,0,0,0,1,0,0,0,1,1,0,0,1
SUAN,2023,9,4,1,0,0,3,0,0,0,4,4,0,1,3
SUAN,2023,10,3,2,0,0,1,0,1,0,2,3,0,1,2
SUAN,2023,12,4,1,0,0,3,0,1,0,3,4,0,2,2
TUBARÁ,2017,5,1,0,1,0,0,0,0,0,1,1,0,0,1
TUBARÁ,2017,11,2,1,1,0,0,0,1,0,1,2,0,1,1
TUBARÁ,2017,12,7,1,6,0,0,0,3,0,4,6,1,3,4
TUBARÁ,2018,7,1,0,1,0,0,0,1,0,0,1,0,0,1
TUBARÁ,2018,8,3,1,0,0,2,0,3,0,0,3,0,2,1
TUBARÁ,2018,9,2,0,2,0,0,0,2,0,0,2,0,0,2
TUBARÁ,2018,10,3,1,0,0,2,0,1,0,2,3,0,0,3
TUBARÁ,2018,11,1,1,0,0,0,0,0,0,1,1,0,0,1
TUBARÁ,2018,13,1,0,0,0,1,0,1,0,0,1,0,1,0
TUBARÁ,2019,1,1,0,1,0,0,0,0,0,1,0,1,1,0
TUBARÁ,2019,7,1,0,0,0,1,0,0,0,1,1,0,1,0
TUBARÁ,2019,11,2,0,2,0,0,0,1,0,1,2,0,0,2
TUBARÁ,2020,1,4,1,0,0,3,0,1,0,3,4,0,3,1
TUBARÁ,2020,2,10,6,1,0,3,0,5,0,5,10,0,7,3
TUBARÁ,2020,3,1,0,0,0,1,0,1,0,0,1,0,1,0
TUBARÁ,2020,6,1,0,1,0,0,0,0,0,1,1,0,0,1
TUBARÁ,2020,7,1,0,1,0,0,0,1,0,0,0,1,1,0
TUBARÁ,2021,5,1,0,0,0,1,0,1,0,0,1,0,0,1
TUBARÁ,2021,9,1,0,1,0,0,0,0,1,0,1,0,0,1
TUBARÁ,2021,11,3,1,1,0,1,0,1,0,2,3,0,1,2
TUBARÁ,2021,12,3,1,1,0,1,0,2,0,1,3,0,1,2
TUBARÁ,2021,13,1,1,0,0,0,0,0,0,1,1,0,1,0
TUBARÁ,2022,1,1,0,0,0,1,0,0,0,1,1,0,0,1
TUBARÁ,2022,2,1,0,0,0,1,0,1,0,0,1,0,1,0
TUBARÁ,2022,3,1,1,0,0,0,0,0,0,1,0,1,0,1
TUBARÁ,2022,4,1,1,0,0,0,0,0,0,1,1,0,1,0
TUBARÁ,2022,5,1,1,0,0,0,0,0,0,1,1,0,1,0
TUBARÁ,2022,7,6,5,0,0,1,0,4,0,2,6,0,3,3
TUBARÁ,2022,10,1,1,0,0,0,0,0,0,1,1,0,1,0
TUBARÁ,2022,11,7,3,2,0,2,0,5,0,2,6,1,2,5
TUBARÁ,2022,12,9,3,3,0,3,0,2,1,6,9,0,9,0
TUBARÁ,2022,13,1,0,0,0,1,0,0,0,1,1,0,0,1
TUBARÁ,2023,2,1,1,0,0,0,0,1,0,0,1,0,0,1
TUBARÁ,2023,4,1,1,0,0,0,0,0,0,1,1,0,1,0
TUBARÁ,2023,7,1,0,1,0,0,0,1,0,0,1,0,0,1
TUBARÁ,2023,12,1,1,0,0,0,0,0,0,1,1,0,1,0
USIACURÍ,2017,4,1,0,1,0,0,0,0,0,1,1,0,1,0
USIACURÍ,2017,5,1,1,0,0,0,0,0,0,1,1,0,0,1
USIACURÍ,2017,6,1,0,1,0,0,0,0,0,1,1,0,1,0
USIACURÍ,2017,8,1,0,0,0,1,0,1,0,0,1,0,0,1
USIACURÍ,2017,9,3,2,1,0,0,0,1,0,2,3,0,3,0
USIACURÍ,2017,10,2,1,1,0,0,0,0,0,2,2,0,2,0
USIACURÍ,2017,11,2,1,1,0,0,0,0,0,2,2,0,2,0
USIACURÍ,2017,12,1,1,0,0,0,0,0,0,1,1,0,0,1
USIACURÍ,2018,1,1,1,0,0,0,0,0,0,1,1,0,0,1
USIACURÍ,2018,6,1,0,1,0,0,0,0,0,1,1,0,0,1
USIACURÍ,2018,7,4,0,1,0,2,1,1,0,3,4,0,2,2
USIACURÍ,2018,8,5,2,1,0,2,0,0,0,5,5,0,4,1
USIACURÍ,2018,11,2,0,2,0,0,0,0,0,2,2,0,2,0
USIACURÍ,2018,12,3,1,1,0,1,0,2,0,1,3,0,2,1
USIACURÍ,2018,13,2,0,2,0,0,0,0,0,2,2,0,1,1
USIACURÍ,2019,2,2,0,2,0,0,0,0,1,1,2,0,2,0
USIACURÍ,2019,7,1,0,1,0,0,0,1,0,0,1,0,0,1
USIACURÍ,2019,9,3,3,0,0,0,0,0,0,3,3,0,0,3
USIACURÍ,2019,12,1,0,1,0,0,0,0,0,1,0,1,1,0
USIACURÍ,2020,2,1,1,0,0,0,0,0,0,1,1,0,0,1
USIACURÍ,2020,10,1,0,0,0,1,0,1,0,0,1,0,1,0
USIACURÍ,2021,13,2,0,1,0,1,0,1,1,0,2,0,1,1
USIACURÍ,2022,1,1,0,1,0,0,0,0,0,1,1,0,0,1
USIACURÍ,2022,5,2,1,1,0,0,0,1,0,1,2,0,2,0
USIACURÍ,2022,7,1,1,0,0,0,0,0,0,1,1,0,1,0
USIACURÍ,2022,11,2,2,0,0,0,0,1,0,1,2,0,1,1
USIACURÍ,2022,12,1,0,1,0,0,0,0,0,1,1,0,0,1
USIACURÍ,2022,13,2,0,0,0,2,0,0,0,2,2,0,1,1
USIACURÍ,2023,1,1,0,1,0,0,0,1,0,0,1,0,1,0
USIACURÍ,2023,4,2,2,0,0,0,0,0,0,2,2,0,1,1
USIACURÍ,2023,5,5,3,1,0,1,0,1,0,4,5,0,3,2
USIACURÍ,2023,6,7,6,1,0,0,0,2,1,4,7,0,3,4
USIACURÍ,2023,7,46,27,8,0,11,0,10,2,34,46,0,17,29
USIACURÍ,2023,8,62,30,10,0,22,0,9,1,52,62,0,30,32
USIACURÍ,2023,9,23,13,1,0,9,0,4,0,19,23,0,13,10
USIACURÍ,2023,10,29,14,3,0,12,0,5,0,24,29,0,13,16
USIACURÍ,2023,11,24,9,2,0,13,0,7,1,16,24,0,12,12
USIACURÍ,2023,12,11,4,1,0,6,0,4,0,7,11,0,8,3
USIACURÍ,2023,13,2,2,0,0,0,0,0,0,2,2,0,2,0
