municipio,periodo_continuo,PPC,Joinpoints,segmento,significancia,pvalor
BARANOA,2,37.1287,4,0.0,1.0,0.024395
BARANOA,4,37.1287,4,0.0,1.0,0.024395
BARANOA,5,37.1287,4,0.0,1.0,0.024395
BARANOA,6,37.1287,4,0.0,1.0,0.024395
BARANOA,7,37.1287,4,0.0,1.0,0.024395
BARANOA,8,37.1287,4,0.0,1.0,0.024395
BARANOA,9,37.1287,4,0.0,1.0,0.024395
BARANOA,10,,4,0.0,1.0,0.024395
BARANOA,11,0.4943,4,1.0,0.0,0.731054
BARANOA,12,0.4943,4,1.0,0.0,0.731054
BARANOA,13,0.4943,4,1.0,0.0,0.731054
BARANOA,14,0.4943,4,1.0,0.0,0.731054
BARANOA,15,0.4943,4,1.0,0.0,0.731054
BARANOA,16,0.4943,4,1.0,0.0,0.731054
BARANOA,17,0.4943,4,1.0,0.0,0.731054
BARANOA,18,0.4943,4,1.0,0.0,0.731054
BARANOA,19,0.4943,4,1.0,0.0,0.731054
BARANOA,20,0.4943,4,1.0,0.0,0.731054
BARANOA,21,0.4943,4,1.0,0.0,0.731054
BARANOA,22,0.4943,4,1.0,0.0,0.731054
BARANOA,23,0.4943,4,1.0,0.0,0.731054
BARANOA,24,0.4943,4,1.0,0.0,0.731054
BARANOA,25,0.4943,4,1.0,0.0,0.731054
BARANOA,26,0.4943,4,1.0,0.0,0.731054
BARANOA,27,0.4943,4,1.0,0.0,0.731054
BARANOA,28,0.4943,4,1.0,0.0,0.731054
BARANOA,29,0.4943,4,1.0,0.0,0.731054
BARANOA,30,0.4943,4,1.0,0.0,0.731054
BARANOA,32,0.4943,4,1.0,0.0,0.731054
BARANOA,34,0.4943,4,1.0,0.0,0.731054
BARANOA,35,0.4943,4,1.0,0.0,0.731054
BARANOA,36,0.4943,4,1.0,0.0,0.731054
BARANOA,37,0.4943,4,1.0,0.0,0.731054
BARANOA,38,,4,1.0,0.0,0.731054
BARANOA,39,-45.9739,4,2.0,0.0,0.178764
BARANOA,40,-45.9739,4,2.0,0.0,0.178764
BARANOA,41,,4,2.0,0.0,0.178764
BARANOA,43,-0.5358,4,3.0,0.0,0.70026
BARANOA,46,-0.5358,4,3.0,0.0,0.70026
BARANOA,47,-0.5358,4,3.0,0.0,0.70026
BARANOA,48,-0.5358,4,3.0,0.0,0.70026
BARANOA,49,-0.5358,4,3.0,0.0,0.70026
BARANOA,50,-0.5358,4,3.0,0.0,0.70026
BARANOA,51,-0.5358,4,3.0,0.0,0.70026
BARANOA,52,-0.5358,4,3.0,0.0,0.70026
BARANOA,53,-0.5358,4,3.0,0.0,0.70026
BARANOA,54,-0.5358,4,3.0,0.0,0.70026
BARANOA,55,-0.5358,4,3.0,0.0,0.70026
BARANOA,57,-0.5358,4,3.0,0.0,0.70026
BARANOA,58,-0.5358,4,3.0,0.0,0.70026
BARANOA,59,-0.5358,4,3.0,0.0,0.70026
BARANOA,60,-0.5358,4,3.0,0.0,0.70026
BARANOA,61,-0.5358,4,3.0,0.0,0.70026
BARANOA,62,-0.5358,4,3.0,0.0,0.70026
BARANOA,63,-0.5358,4,3.0,0.0,0.70026
BARANOA,64,-0.5358,4,3.0,0.0,0.70026
BARANOA,65,-0.5358,4,3.0,0.0,0.70026
BARANOA,66,-0.5358,4,3.0,0.0,0.70026
BARANOA,67,-0.5358,4,3.0,0.0,0.70026
BARANOA,68,,4,3.0,0.0,0.70026
BARANOA,69,17.1033,4,4.0,1.0,0.018796
BARANOA,70,17.1033,4,4.0,1.0,0.018796
BARANOA,71,17.1033,4,4.0,1.0,0.018796
BARANOA,72,17.1033,4,4.0,1.0,0.018796
BARANOA,73,17.1033,4,4.0,1.0,0.018796
BARANOA,74,17.1033,4,4.0,1.0,0.018796
BARANOA,75,17.1033,4,4.0,1.0,0.018796
BARANOA,76,17.1033,4,4.0,1.0,0.018796
BARANOA,77,17.1033,4,4.0,1.0,0.018796
BARANOA,78,17.1033,4,4.0,1.0,0.018796
CAMPO DE LA CRUZ,18,-4.9155,3,0.0,1.0,0.029594
CAMPO DE LA CRUZ,20,-4.9155,3,0.0,1.0,0.029594
CAMPO DE LA CRUZ,21,-4.9155,3,0.0,1.0,0.029594
CAMPO DE LA CRUZ,22,-4.9155,3,0.0,1.0,0.029594
CAMPO DE LA CRUZ,23,-4.9155,3,0.0,1.0,0.029594
CAMPO DE LA CRUZ,24,-4.9155,3,0.0,1.0,0.029594
CAMPO DE LA CRUZ,25,-4.9155,3,0.0,1.0,0.029594
CAMPO DE LA CRUZ,26,-4.9155,3,0.0,1.0,0.029594
CAMPO DE LA CRUZ,27,-4.9155,3,0.0,1.0,0.029594
CAMPO DE LA CRUZ,29,-4.9155,3,0.0,1.0,0.029594
CAMPO DE LA CRUZ,34,-4.9155,3,0.0,1.0,0.029594
CAMPO DE LA CRUZ,46,-4.9155,3,0.0,1.0,0.029594
CAMPO DE LA CRUZ,47,-4.9155,3,0.0,1.0,0.029594
CAMPO DE LA CRUZ,49,-4.9155,3,0.0,1.0,0.029594
CAMPO DE LA CRUZ,50,-4.9155,3,0.0,1.0,0.029594
CAMPO DE LA CRUZ,51,,3,0.0,1.0,0.029594
CAMPO DE LA CRUZ,52,82.1014,3,1.0,1.0,0.041592
CAMPO DE LA CRUZ,53,82.1014,3,1.0,1.0,0.041592
CAMPO DE LA CRUZ,54,82.1014,3,1.0,1.0,0.041592
CAMPO DE LA CRUZ,55,82.1014,3,1.0,1.0,0.041592
CAMPO DE LA CRUZ,56,,3,1.0,1.0,0.041592
CAMPO DE LA CRUZ,57,-32.0029,3,2.0,1.0,0.044791
CAMPO DE LA CRUZ,58,-32.0029,3,2.0,1.0,0.044791
CAMPO DE LA CRUZ,59,-32.0029,3,2.0,1.0,0.044791
CAMPO DE LA CRUZ,60,-32.0029,3,2.0,1.0,0.044791
CAMPO DE LA CRUZ,61,-32.0029,3,2.0,1.0,0.044791
CAMPO DE LA CRUZ,62,-32.0029,3,2.0,1.0,0.044791
CAMPO DE LA CRUZ,63,,3,2.0,1.0,0.044791
CAMPO DE LA CRUZ,64,7.1317,3,3.0,0.0,0.173565
CAMPO DE LA CRUZ,68,7.1317,3,3.0,0.0,0.173565
CAMPO DE LA CRUZ,70,7.1317,3,3.0,0.0,0.173565
CAMPO DE LA CRUZ,71,7.1317,3,3.0,0.0,0.173565
CAMPO DE LA CRUZ,72,7.1317,3,3.0,0.0,0.173565
CAMPO DE LA CRUZ,73,7.1317,3,3.0,0.0,0.173565
CAMPO DE LA CRUZ,74,7.1317,3,3.0,0.0,0.173565
CAMPO DE LA CRUZ,75,7.1317,3,3.0,0.0,0.173565
CAMPO DE LA CRUZ,78,7.1317,3,3.0,0.0,0.173565
CANDELARIA,11,-1.4609,0,0.0,0.0,0.079984
CANDELARIA,18,-1.4609,0,0.0,0.0,0.079984
CANDELARIA,19,-1.4609,0,0.0,0.0,0.079984
CANDELARIA,20,-1.4609,0,0.0,0.0,0.079984
CANDELARIA,21,-1.4609,0,0.0,0.0,0.079984
CANDELARIA,22,-1.4609,0,0.0,0.0,0.079984
CANDELARIA,23,-1.4609,0,0.0,0.0,0.079984
CANDELARIA,24,-1.4609,0,0.0,0.0,0.079984
CANDELARIA,25,-1.4609,0,0.0,0.0,0.079984
CANDELARIA,26,-1.4609,0,0.0,0.0,0.079984
CANDELARIA,27,-1.4609,0,0.0,0.0,0.079984
CANDELARIA,49,-1.4609,0,0.0,0.0,0.079984
CANDELARIA,57,-1.4609,0,0.0,0.0,0.079984
CANDELARIA,58,-1.4609,0,0.0,0.0,0.079984
CANDELARIA,59,-1.4609,0,0.0,0.0,0.079984
CANDELARIA,60,-1.4609,0,0.0,0.0,0.079984
CANDELARIA,61,-1.4609,0,0.0,0.0,0.079984
CANDELARIA,63,-1.4609,0,0.0,0.0,0.079984
CANDELARIA,64,-1.4609,0,0.0,0.0,0.079984
CANDELARIA,67,-1.4609,0,0.0,0.0,0.079984
CANDELARIA,74,-1.4609,0,0.0,0.0,0.079984
CANDELARIA,78,-1.4609,0,0.0,0.0,0.079984
GALAPA,1,23.2092,3,0.0,1.0,0.0008
GALAPA,2,23.2092,3,0.0,1.0,0.0008
GALAPA,4,23.2092,3,0.0,1.0,0.0008
GALAPA,5,23.2092,3,0.0,1.0,0.0008
GALAPA,6,23.2092,3,0.0,1.0,0.0008
GALAPA,7,23.2092,3,0.0,1.0,0.0008
GALAPA,8,23.2092,3,0.0,1.0,0.0008
GALAPA,9,23.2092,3,0.0,1.0,0.0008
GALAPA,10,23.2092,3,0.0,1.0,0.0008
GALAPA,11,23.2092,3,0.0,1.0,0.0008
GALAPA,12,23.2092,3,0.0,1.0,0.0008
GALAPA,13,,3,0.0,1.0,0.0008
GALAPA,14,-30.6666,3,1.0,1.0,0.0008
GALAPA,15,-30.6666,3,1.0,1.0,0.0008
GALAPA,16,-30.6666,3,1.0,1.0,0.0008
GALAPA,17,-30.6666,3,1.0,1.0,0.0008
GALAPA,19,,3,1.0,1.0,0.0008
GALAPA,20,3.6316,3,2.0,1.0,0.0008
GALAPA,21,3.6316,3,2.0,1.0,0.0008
GALAPA,22,3.6316,3,2.0,1.0,0.0008
GALAPA,23,3.6316,3,2.0,1.0,0.0008
GALAPA,24,3.6316,3,2.0,1.0,0.0008
GALAPA,25,3.6316,3,2.0,1.0,0.0008
GALAPA,26,3.6316,3,2.0,1.0,0.0008
GALAPA,27,3.6316,3,2.0,1.0,0.0008
GALAPA,28,3.6316,3,2.0,1.0,0.0008
GALAPA,29,3.6316,3,2.0,1.0,0.0008
GALAPA,30,3.6316,3,2.0,1.0,0.0008
GALAPA,32,3.6316,3,2.0,1.0,0.0008
GALAPA,38,3.6316,3,2.0,1.0,0.0008
GALAPA,39,3.6316,3,2.0,1.0,0.0008
GALAPA,40,3.6316,3,2.0,1.0,0.0008
GALAPA,41,3.6316,3,2.0,1.0,0.0008
GALAPA,45,3.6316,3,2.0,1.0,0.0008
GALAPA,47,3.6316,3,2.0,1.0,0.0008
GALAPA,48,3.6316,3,2.0,1.0,0.0008
GALAPA,49,3.6316,3,2.0,1.0,0.0008
GALAPA,50,3.6316,3,2.0,1.0,0.0008
GALAPA,51,3.6316,3,2.0,1.0,0.0008
GALAPA,52,3.6316,3,2.0,1.0,0.0008
GALAPA,53,3.6316,3,2.0,1.0,0.0008
GALAPA,54,3.6316,3,2.0,1.0,0.0008
GALAPA,55,3.6316,3,2.0,1.0,0.0008
GALAPA,56,3.6316,3,2.0,1.0,0.0008
GALAPA,57,3.6316,3,2.0,1.0,0.0008
GALAPA,58,3.6316,3,2.0,1.0,0.0008
GALAPA,59,3.6316,3,2.0,1.0,0.0008
GALAPA,60,3.6316,3,2.0,1.0,0.0008
GALAPA,61,3.6316,3,2.0,1.0,0.0008
GALAPA,62,3.6316,3,2.0,1.0,0.0008
GALAPA,63,,3,2.0,1.0,0.0008
GALAPA,64,-12.4206,3,3.0,1.0,0.0008
GALAPA,65,-12.4206,3,3.0,1.0,0.0008
GALAPA,66,-12.4206,3,3.0,1.0,0.0008
GALAPA,67,-12.4206,3,3.0,1.0,0.0008
GALAPA,68,-12.4206,3,3.0,1.0,0.0008
GALAPA,69,-12.4206,3,3.0,1.0,0.0008
GALAPA,70,-12.4206,3,3.0,1.0,0.0008
GALAPA,71,-12.4206,3,3.0,1.0,0.0008
GALAPA,72,-12.4206,3,3.0,1.0,0.0008
GALAPA,73,-12.4206,3,3.0,1.0,0.0008
GALAPA,74,-12.4206,3,3.0,1.0,0.0008
GALAPA,75,-12.4206,3,3.0,1.0,0.0008
GALAPA,76,-12.4206,3,3.0,1.0,0.0008
GALAPA,77,-12.4206,3,3.0,1.0,0.0008
GALAPA,78,-12.4206,3,3.0,1.0,0.0008
JUAN DE ACOSTA,1,-0.8789,0,0.0,0.0,0.054389
JUAN DE ACOSTA,4,-0.8789,0,0.0,0.0,0.054389
JUAN DE ACOSTA,5,-0.8789,0,0.0,0.0,0.054389
JUAN DE ACOSTA,6,-0.8789,0,0.0,0.0,0.054389
JUAN DE ACOSTA,7,-0.8789,0,0.0,0.0,0.054389
JUAN DE ACOSTA,8,-0.8789,0,0.0,0.0,0.054389
JUAN DE ACOSTA,9,-0.8789,0,0.0,0.0,0.054389
JUAN DE ACOSTA,10,-0.8789,0,0.0,0.0,0.054389
JUAN DE ACOSTA,11,-0.8789,0,0.0,0.0,0.054389
JUAN DE ACOSTA,12,-0.8789,0,0.0,0.0,0.054389
JUAN DE ACOSTA,13,-0.8789,0,0.0,0.0,0.054389
JUAN DE ACOSTA,14,-0.8789,0,0.0,0.0,0.054389
JUAN DE ACOSTA,16,-0.8789,0,0.0,0.0,0.054389
JUAN DE ACOSTA,17,-0.8789,0,0.0,0.0,0.054389
JUAN DE ACOSTA,18,-0.8789,0,0.0,0.0,0.054389
JUAN DE ACOSTA,20,-0.8789,0,0.0,0.0,0.054389
JUAN DE ACOSTA,21,-0.8789,0,0.0,0.0,0.054389
JUAN DE ACOSTA,22,-0.8789,0,0.0,0.0,0.054389
JUAN DE ACOSTA,23,-0.8789,0,0.0,0.0,0.054389
JUAN DE ACOSTA,24,-0.8789,0,0.0,0.0,0.054389
JUAN DE ACOSTA,25,-0.8789,0,0.0,0.0,0.054389
JUAN DE ACOSTA,26,-0.8789,0,0.0,0.0,0.054389
JUAN DE ACOSTA,27,-0.8789,0,0.0,0.0,0.054389
JUAN DE ACOSTA,29,-0.8789,0,0.0,0.0,0.054389
JUAN DE ACOSTA,36,-0.8789,0,0.0,0.0,0.054389
JUAN DE ACOSTA,38,-0.8789,0,0.0,0.0,0.054389
JUAN DE ACOSTA,39,-0.8789,0,0.0,0.0,0.054389
JUAN DE ACOSTA,40,-0.8789,0,0.0,0.0,0.054389
JUAN DE ACOSTA,41,-0.8789,0,0.0,0.0,0.054389
JUAN DE ACOSTA,45,-0.8789,0,0.0,0.0,0.054389
JUAN DE ACOSTA,47,-0.8789,0,0.0,0.0,0.054389
JUAN DE ACOSTA,48,-0.8789,0,0.0,0.0,0.054389
JUAN DE ACOSTA,49,-0.8789,0,0.0,0.0,0.054389
JUAN DE ACOSTA,50,-0.8789,0,0.0,0.0,0.054389
JUAN DE ACOSTA,51,-0.8789,0,0.0,0.0,0.054389
JUAN DE ACOSTA,52,-0.8789,0,0.0,0.0,0.054389
JUAN DE ACOSTA,53,-0.8789,0,0.0,0.0,0.054389
JUAN DE ACOSTA,54,-0.8789,0,0.0,0.0,0.054389
JUAN DE ACOSTA,55,-0.8789,0,0.0,0.0,0.054389
JUAN DE ACOSTA,57,-0.8789,0,0.0,0.0,0.054389
JUAN DE ACOSTA,58,-0.8789,0,0.0,0.0,0.054389
JUAN DE ACOSTA,59,-0.8789,0,0.0,0.0,0.054389
JUAN DE ACOSTA,60,-0.8789,0,0.0,0.0,0.054389
JUAN DE ACOSTA,61,-0.8789,0,0.0,0.0,0.054389
JUAN DE ACOSTA,62,-0.8789,0,0.0,0.0,0.054389
JUAN DE ACOSTA,63,-0.8789,0,0.0,0.0,0.054389
JUAN DE ACOSTA,64,-0.8789,0,0.0,0.0,0.054389
JUAN DE ACOSTA,65,-0.8789,0,0.0,0.0,0.054389
JUAN DE ACOSTA,66,-0.8789,0,0.0,0.0,0.054389
JUAN DE ACOSTA,67,-0.8789,0,0.0,0.0,0.054389
JUAN DE ACOSTA,68,-0.8789,0,0.0,0.0,0.054389
JUAN DE ACOSTA,70,-0.8789,0,0.0,0.0,0.054389
JUAN DE ACOSTA,71,-0.8789,0,0.0,0.0,0.054389
JUAN DE ACOSTA,72,-0.8789,0,0.0,0.0,0.054389
JUAN DE ACOSTA,73,-0.8789,0,0.0,0.0,0.054389
JUAN DE ACOSTA,74,-0.8789,0,0.0,0.0,0.054389
JUAN DE ACOSTA,78,-0.8789,0,0.0,0.0,0.054389
LURUACO,9,4.6245,2,0.0,1.0,0.014797
LURUACO,13,4.6245,2,0.0,1.0,0.014797
LURUACO,15,4.6245,2,0.0,1.0,0.014797
LURUACO,17,4.6245,2,0.0,1.0,0.014797
LURUACO,18,4.6245,2,0.0,1.0,0.014797
LURUACO,20,4.6245,2,0.0,1.0,0.014797
LURUACO,21,4.6245,2,0.0,1.0,0.014797
LURUACO,22,4.6245,2,0.0,1.0,0.014797
LURUACO,23,4.6245,2,0.0,1.0,0.014797
LURUACO,24,4.6245,2,0.0,1.0,0.014797
LURUACO,25,4.6245,2,0.0,1.0,0.014797
LURUACO,26,4.6245,2,0.0,1.0,0.014797
LURUACO,27,4.6245,2,0.0,1.0,0.014797
LURUACO,28,4.6245,2,0.0,1.0,0.014797
LURUACO,29,4.6245,2,0.0,1.0,0.014797
LURUACO,30,4.6245,2,0.0,1.0,0.014797
LURUACO,37,4.6245,2,0.0,1.0,0.014797
LURUACO,39,4.6245,2,0.0,1.0,0.014797
LURUACO,40,4.6245,2,0.0,1.0,0.014797
LURUACO,42,4.6245,2,0.0,1.0,0.014797
LURUACO,44,4.6245,2,0.0,1.0,0.014797
LURUACO,46,4.6245,2,0.0,1.0,0.014797
LURUACO,47,4.6245,2,0.0,1.0,0.014797
LURUACO,48,4.6245,2,0.0,1.0,0.014797
LURUACO,49,,2,0.0,1.0,0.014797
LURUACO,50,-57.724,2,1.0,1.0,0.024395
LURUACO,51,-57.724,2,1.0,1.0,0.024395
LURUACO,52,,2,1.0,1.0,0.024395
LURUACO,53,2.17,2,2.0,0.0,0.308738
LURUACO,54,2.17,2,2.0,0.0,0.308738
LURUACO,55,2.17,2,2.0,0.0,0.308738
LURUACO,59,2.17,2,2.0,0.0,0.308738
LURUACO,62,2.17,2,2.0,0.0,0.308738
LURUACO,63,2.17,2,2.0,0.0,0.308738
LURUACO,64,2.17,2,2.0,0.0,0.308738
LURUACO,67,2.17,2,2.0,0.0,0.308738
LURUACO,68,2.17,2,2.0,0.0,0.308738
LURUACO,71,2.17,2,2.0,0.0,0.308738
LURUACO,75,2.17,2,2.0,0.0,0.308738
LURUACO,76,2.17,2,2.0,0.0,0.308738
LURUACO,77,2.17,2,2.0,0.0,0.308738
MALAMBO,1,83.8653,4,0.0,1.0,0.014797
MALAMBO,2,83.8653,4,0.0,1.0,0.014797
MALAMBO,3,83.8653,4,0.0,1.0,0.014797
MALAMBO,4,,4,0.0,1.0,0.014797
MALAMBO,5,-6.1343,4,1.0,1.0,0.019996
MALAMBO,6,-6.1343,4,1.0,1.0,0.019996
MALAMBO,7,-6.1343,4,1.0,1.0,0.019996
MALAMBO,8,-6.1343,4,1.0,1.0,0.019996
MALAMBO,9,-6.1343,4,1.0,1.0,0.019996
MALAMBO,10,-6.1343,4,1.0,1.0,0.019996
MALAMBO,11,-6.1343,4,1.0,1.0,0.019996
MALAMBO,12,-6.1343,4,1.0,1.0,0.019996
MALAMBO,13,-6.1343,4,1.0,1.0,0.019996
MALAMBO,14,-6.1343,4,1.0,1.0,0.019996
MALAMBO,15,-6.1343,4,1.0,1.0,0.019996
MALAMBO,16,-6.1343,4,1.0,1.0,0.019996
MALAMBO,17,-6.1343,4,1.0,1.0,0.019996
MALAMBO,18,-6.1343,4,1.0,1.0,0.019996
MALAMBO,19,-6.1343,4,1.0,1.0,0.019996
MALAMBO,20,-6.1343,4,1.0,1.0,0.019996
MALAMBO,21,,4,1.0,1.0,0.019996
MALAMBO,22,8.3634,4,2.0,1.0,0.010398
MALAMBO,23,8.3634,4,2.0,1.0,0.010398
MALAMBO,24,8.3634,4,2.0,1.0,0.010398
MALAMBO,25,8.3634,4,2.0,1.0,0.010398
MALAMBO,26,8.3634,4,2.0,1.0,0.010398
MALAMBO,27,8.3634,4,2.0,1.0,0.010398
MALAMBO,28,8.3634,4,2.0,1.0,0.010398
MALAMBO,29,8.3634,4,2.0,1.0,0.010398
MALAMBO,30,8.3634,4,2.0,1.0,0.010398
MALAMBO,31,8.3634,4,2.0,1.0,0.010398
MALAMBO,32,8.3634,4,2.0,1.0,0.010398
MALAMBO,33,8.3634,4,2.0,1.0,0.010398
MALAMBO,34,8.3634,4,2.0,1.0,0.010398
MALAMBO,35,8.3634,4,2.0,1.0,0.010398
MALAMBO,36,8.3634,4,2.0,1.0,0.010398
MALAMBO,37,8.3634,4,2.0,1.0,0.010398
MALAMBO,38,8.3634,4,2.0,1.0,0.010398
MALAMBO,39,8.3634,4,2.0,1.0,0.010398
MALAMBO,40,8.3634,4,2.0,1.0,0.010398
MALAMBO,41,8.3634,4,2.0,1.0,0.010398
MALAMBO,42,8.3634,4,2.0,1.0,0.010398
MALAMBO,43,8.3634,4,2.0,1.0,0.010398
MALAMBO,44,8.3634,4,2.0,1.0,0.010398
MALAMBO,45,8.3634,4,2.0,1.0,0.010398
MALAMBO,46,8.3634,4,2.0,1.0,0.010398
MALAMBO,47,,4,2.0,1.0,0.010398
MALAMBO,48,-28.3847,4,3.0,1.0,0.005999
MALAMBO,49,-28.3847,4,3.0,1.0,0.005999
MALAMBO,50,-28.3847,4,3.0,1.0,0.005999
MALAMBO,51,-28.3847,4,3.0,1.0,0.005999
MALAMBO,52,-28.3847,4,3.0,1.0,0.005999
MALAMBO,53,,4,3.0,1.0,0.005999
MALAMBO,54,-0.0447,4,4.0,0.0,0.94781
MALAMBO,55,-0.0447,4,4.0,0.0,0.94781
MALAMBO,56,-0.0447,4,4.0,0.0,0.94781
MALAMBO,57,-0.0447,4,4.0,0.0,0.94781
MALAMBO,58,-0.0447,4,4.0,0.0,0.94781
MALAMBO,59,-0.0447,4,4.0,0.0,0.94781
MALAMBO,60,-0.0447,4,4.0,0.0,0.94781
MALAMBO,61,-0.0447,4,4.0,0.0,0.94781
MALAMBO,62,-0.0447,4,4.0,0.0,0.94781
MALAMBO,63,-0.0447,4,4.0,0.0,0.94781
MALAMBO,64,-0.0447,4,4.0,0.0,0.94781
MALAMBO,65,-0.0447,4,4.0,0.0,0.94781
MALAMBO,66,-0.0447,4,4.0,0.0,0.94781
MALAMBO,67,-0.0447,4,4.0,0.0,0.94781
MALAMBO,68,-0.0447,4,4.0,0.0,0.94781
MALAMBO,69,-0.0447,4,4.0,0.0,0.94781
MALAMBO,70,-0.0447,4,4.0,0.0,0.94781
MALAMBO,71,-0.0447,4,4.0,0.0,0.94781
MALAMBO,72,-0.0447,4,4.0,0.0,0.94781
MALAMBO,73,-0.0447,4,4.0,0.0,0.94781
MALAMBO,74,-0.0447,4,4.0,0.0,0.94781
MALAMBO,75,-0.0447,4,4.0,0.0,0.94781
MALAMBO,76,-0.0447,4,4.0,0.0,0.94781
MALAMBO,77,-0.0447,4,4.0,0.0,0.94781
MALAMBO,78,-0.0447,4,4.0,0.0,0.94781
MANATÍ,1,-1.7154,3,0.0,0.0,0.140372
MANATÍ,11,-1.7154,3,0.0,0.0,0.140372
MANATÍ,16,-1.7154,3,0.0,0.0,0.140372
MANATÍ,18,-1.7154,3,0.0,0.0,0.140372
MANATÍ,20,-1.7154,3,0.0,0.0,0.140372
MANATÍ,21,-1.7154,3,0.0,0.0,0.140372
MANATÍ,22,-1.7154,3,0.0,0.0,0.140372
MANATÍ,23,-1.7154,3,0.0,0.0,0.140372
MANATÍ,24,-1.7154,3,0.0,0.0,0.140372
MANATÍ,25,-1.7154,3,0.0,0.0,0.140372
MANATÍ,26,-1.7154,3,0.0,0.0,0.140372
MANATÍ,31,-1.7154,3,0.0,0.0,0.140372
MANATÍ,34,-1.7154,3,0.0,0.0,0.140372
MANATÍ,35,-1.7154,3,0.0,0.0,0.140372
MANATÍ,36,-1.7154,3,0.0,0.0,0.140372
MANATÍ,37,-1.7154,3,0.0,0.0,0.140372
MANATÍ,38,-1.7154,3,0.0,0.0,0.140372
MANATÍ,46,-1.7154,3,0.0,0.0,0.140372
MANATÍ,47,-1.7154,3,0.0,0.0,0.140372
MANATÍ,48,-1.7154,3,0.0,0.0,0.140372
MANATÍ,49,-1.7154,3,0.0,0.0,0.140372
MANATÍ,50,-1.7154,3,0.0,0.0,0.140372
MANATÍ,51,-1.7154,3,0.0,0.0,0.140372
MANATÍ,52,,3,0.0,0.0,0.140372
MANATÍ,53,36.4501,3,1.0,1.0,0.007998
MANATÍ,54,36.4501,3,1.0,1.0,0.007998
MANATÍ,55,36.4501,3,1.0,1.0,0.007998
MANATÍ,56,36.4501,3,1.0,1.0,0.007998
MANATÍ,57,36.4501,3,1.0,1.0,0.007998
MANATÍ,58,36.4501,3,1.0,1.0,0.007998
MANATÍ,59,36.4501,3,1.0,1.0,0.007998
MANATÍ,60,,3,1.0,1.0,0.007998
MANATÍ,61,-73.1535,3,2.0,1.0,0.007199
MANATÍ,62,-73.1535,3,2.0,1.0,0.007199
MANATÍ,63,,3,2.0,1.0,0.007199
MANATÍ,64,8.6821,3,3.0,0.0,0.106379
MANATÍ,66,8.6821,3,3.0,0.0,0.106379
MANATÍ,67,8.6821,3,3.0,0.0,0.106379
MANATÍ,68,8.6821,3,3.0,0.0,0.106379
MANATÍ,70,8.6821,3,3.0,0.0,0.106379
MANATÍ,72,8.6821,3,3.0,0.0,0.106379
MANATÍ,73,8.6821,3,3.0,0.0,0.106379
MANATÍ,74,8.6821,3,3.0,0.0,0.106379
MANATÍ,77,8.6821,3,3.0,0.0,0.106379
PALMAR DE VARELA,5,-3.2431,1,0.0,1.0,0.039992
PALMAR DE VARELA,11,-3.2431,1,0.0,1.0,0.039992
PALMAR DE VARELA,12,-3.2431,1,0.0,1.0,0.039992
PALMAR DE VARELA,13,-3.2431,1,0.0,1.0,0.039992
PALMAR DE VARELA,14,-3.2431,1,0.0,1.0,0.039992
PALMAR DE VARELA,15,-3.2431,1,0.0,1.0,0.039992
PALMAR DE VARELA,18,-3.2431,1,0.0,1.0,0.039992
PALMAR DE VARELA,20,-3.2431,1,0.0,1.0,0.039992
PALMAR DE VARELA,21,-3.2431,1,0.0,1.0,0.039992
PALMAR DE VARELA,24,-3.2431,1,0.0,1.0,0.039992
PALMAR DE VARELA,25,-3.2431,1,0.0,1.0,0.039992
PALMAR DE VARELA,27,-3.2431,1,0.0,1.0,0.039992
PALMAR DE VARELA,28,-3.2431,1,0.0,1.0,0.039992
PALMAR DE VARELA,29,-3.2431,1,0.0,1.0,0.039992
PALMAR DE VARELA,31,-3.2431,1,0.0,1.0,0.039992
PALMAR DE VARELA,49,-3.2431,1,0.0,1.0,0.039992
PALMAR DE VARELA,50,-3.2431,1,0.0,1.0,0.039992
PALMAR DE VARELA,51,-3.2431,1,0.0,1.0,0.039992
PALMAR DE VARELA,52,,1,0.0,1.0,0.039992
PALMAR DE VARELA,53,5.5332,1,1.0,0.0,0.077185
PALMAR DE VARELA,56,5.5332,1,1.0,0.0,0.077185
PALMAR DE VARELA,60,5.5332,1,1.0,0.0,0.077185
PALMAR DE VARELA,61,5.5332,1,1.0,0.0,0.077185
PALMAR DE VARELA,63,5.5332,1,1.0,0.0,0.077185
PALMAR DE VARELA,64,5.5332,1,1.0,0.0,0.077185
PALMAR DE VARELA,65,5.5332,1,1.0,0.0,0.077185
PALMAR DE VARELA,66,5.5332,1,1.0,0.0,0.077185
PALMAR DE VARELA,67,5.5332,1,1.0,0.0,0.077185
PALMAR DE VARELA,68,5.5332,1,1.0,0.0,0.077185
PALMAR DE VARELA,69,5.5332,1,1.0,0.0,0.077185
PALMAR DE VARELA,70,5.5332,1,1.0,0.0,0.077185
PALMAR DE VARELA,71,5.5332,1,1.0,0.0,0.077185
PALMAR DE VARELA,72,5.5332,1,1.0,0.0,0.077185
PALMAR DE VARELA,73,5.5332,1,1.0,0.0,0.077185
PALMAR DE VARELA,74,5.5332,1,1.0,0.0,0.077185
PALMAR DE VARELA,75,5.5332,1,1.0,0.0,0.077185
PALMAR DE VARELA,76,5.5332,1,1.0,0.0,0.077185
PALMAR DE VARELA,77,5.5332,1,1.0,0.0,0.077185
PIOJÓ,5,-4.5358,1,0.0,1.0,0.002799
PIOJÓ,6,-4.5358,1,0.0,1.0,0.002799
PIOJÓ,29,-4.5358,1,0.0,1.0,0.002799
PIOJÓ,30,-4.5358,1,0.0,1.0,0.002799
PIOJÓ,40,-4.5358,1,0.0,1.0,0.002799
PIOJÓ,41,-4.5358,1,0.0,1.0,0.002799
PIOJÓ,42,-4.5358,1,0.0,1.0,0.002799
PIOJÓ,49,-4.5358,1,0.0,1.0,0.002799
PIOJÓ,50,-4.5358,1,0.0,1.0,0.002799
PIOJÓ,51,-4.5358,1,0.0,1.0,0.002799
PIOJÓ,55,-4.5358,1,0.0,1.0,0.002799
PIOJÓ,57,-4.5358,1,0.0,1.0,0.002799
PIOJÓ,58,-4.5358,1,0.0,1.0,0.002799
PIOJÓ,59,-4.5358,1,0.0,1.0,0.002799
PIOJÓ,62,-4.5358,1,0.0,1.0,0.002799
PIOJÓ,65,,1,1.0,1.0,0.003599
PIOJÓ,72,21.3043,1,1.0,1.0,0.003599
PIOJÓ,73,21.3043,1,1.0,1.0,0.003599
PIOJÓ,74,21.3043,1,1.0,1.0,0.003599
PIOJÓ,75,21.3043,1,1.0,1.0,0.003599
PIOJÓ,77,21.3043,1,1.0,1.0,0.003599
PIOJÓ,78,21.3043,1,1.0,1.0,0.003599
POLONUEVO,1,49.3,2,0.0,0.0,0.064387
POLONUEVO,2,49.3,2,0.0,0.0,0.064387
POLONUEVO,5,49.3,2,0.0,0.0,0.064387
POLONUEVO,6,49.3,2,0.0,0.0,0.064387
POLONUEVO,7,,2,0.0,0.0,0.064387
POLONUEVO,8,-4.8631,2,1.0,1.0,0.010398
POLONUEVO,9,-4.8631,2,1.0,1.0,0.010398
POLONUEVO,10,-4.8631,2,1.0,1.0,0.010398
POLONUEVO,11,-4.8631,2,1.0,1.0,0.010398
POLONUEVO,12,-4.8631,2,1.0,1.0,0.010398
POLONUEVO,13,-4.8631,2,1.0,1.0,0.010398
POLONUEVO,14,-4.8631,2,1.0,1.0,0.010398
POLONUEVO,15,-4.8631,2,1.0,1.0,0.010398
POLONUEVO,16,-4.8631,2,1.0,1.0,0.010398
POLONUEVO,17,-4.8631,2,1.0,1.0,0.010398
POLONUEVO,18,-4.8631,2,1.0,1.0,0.010398
POLONUEVO,19,-4.8631,2,1.0,1.0,0.010398
POLONUEVO,20,-4.8631,2,1.0,1.0,0.010398
POLONUEVO,21,-4.8631,2,1.0,1.0,0.010398
POLONUEVO,22,-4.8631,2,1.0,1.0,0.010398
POLONUEVO,23,-4.8631,2,1.0,1.0,0.010398
POLONUEVO,24,-4.8631,2,1.0,1.0,0.010398
POLONUEVO,25,-4.8631,2,1.0,1.0,0.010398
POLONUEVO,26,-4.8631,2,1.0,1.0,0.010398
POLONUEVO,27,-4.8631,2,1.0,1.0,0.010398
POLONUEVO,28,-4.8631,2,1.0,1.0,0.010398
POLONUEVO,29,-4.8631,2,1.0,1.0,0.010398
POLONUEVO,31,-4.8631,2,1.0,1.0,0.010398
POLONUEVO,32,-4.8631,2,1.0,1.0,0.010398
POLONUEVO,33,-4.8631,2,1.0,1.0,0.010398
POLONUEVO,36,-4.8631,2,1.0,1.0,0.010398
POLONUEVO,47,-4.8631,2,1.0,1.0,0.010398
POLONUEVO,48,-4.8631,2,1.0,1.0,0.010398
POLONUEVO,49,-4.8631,2,1.0,1.0,0.010398
POLONUEVO,50,-4.8631,2,1.0,1.0,0.010398
POLONUEVO,51,-4.8631,2,1.0,1.0,0.010398
POLONUEVO,52,-4.8631,2,1.0,1.0,0.010398
POLONUEVO,53,-4.8631,2,1.0,1.0,0.010398
POLONUEVO,56,-4.8631,2,1.0,1.0,0.010398
POLONUEVO,57,-4.8631,2,1.0,1.0,0.010398
POLONUEVO,58,-4.8631,2,1.0,1.0,0.010398
POLONUEVO,59,-4.8631,2,1.0,1.0,0.010398
POLONUEVO,60,-4.8631,2,1.0,1.0,0.010398
POLONUEVO,61,-4.8631,2,1.0,1.0,0.010398
POLONUEVO,62,-4.8631,2,1.0,1.0,0.010398
POLONUEVO,63,-4.8631,2,1.0,1.0,0.010398
POLONUEVO,64,-4.8631,2,1.0,1.0,0.010398
POLONUEVO,65,-4.8631,2,1.0,1.0,0.010398
POLONUEVO,66,,2,1.0,1.0,0.010398
POLONUEVO,71,14.9273,2,2.0,0.0,0.157568
POLONUEVO,72,14.9273,2,2.0,0.0,0.157568
POLONUEVO,73,14.9273,2,2.0,0.0,0.157568
POLONUEVO,75,14.9273,2,2.0,0.0,0.157568
POLONUEVO,78,14.9273,2,2.0,0.0,0.157568
PONEDERA,2,7.0627,4,0.0,1.0,0.008398
PONEDERA,10,7.0627,4,0.0,1.0,0.008398
PONEDERA,12,7.0627,4,0.0,1.0,0.008398
PONEDERA,14,7.0627,4,0.0,1.0,0.008398
PONEDERA,15,7.0627,4,0.0,1.0,0.008398
PONEDERA,16,7.0627,4,0.0,1.0,0.008398
PONEDERA,20,7.0627,4,0.0,1.0,0.008398
PONEDERA,21,7.0627,4,0.0,1.0,0.008398
PONEDERA,22,7.0627,4,0.0,1.0,0.008398
PONEDERA,23,7.0627,4,0.0,1.0,0.008398
PONEDERA,24,7.0627,4,0.0,1.0,0.008398
PONEDERA,25,7.0627,4,0.0,1.0,0.008398
PONEDERA,26,,4,0.0,1.0,0.008398
PONEDERA,27,-8.2632,4,1.0,1.0,0.010798
PONEDERA,28,-8.2632,4,1.0,1.0,0.010798
PONEDERA,29,-8.2632,4,1.0,1.0,0.010798
PONEDERA,31,-8.2632,4,1.0,1.0,0.010798
PONEDERA,36,-8.2632,4,1.0,1.0,0.010798
PONEDERA,39,-8.2632,4,1.0,1.0,0.010798
PONEDERA,47,-8.2632,4,1.0,1.0,0.010798
PONEDERA,48,-8.2632,4,1.0,1.0,0.010798
PONEDERA,49,-8.2632,4,1.0,1.0,0.010798
PONEDERA,51,-8.2632,4,1.0,1.0,0.010798
PONEDERA,52,,4,1.0,1.0,0.010798
PONEDERA,54,19.5551,4,2.0,1.0,0.015197
PONEDERA,59,19.5551,4,2.0,1.0,0.015197
PONEDERA,60,19.5551,4,2.0,1.0,0.015197
PONEDERA,61,19.5551,4,2.0,1.0,0.015197
PONEDERA,62,,4,2.0,1.0,0.015197
PONEDERA,63,-51.2115,4,3.0,1.0,0.012398
PONEDERA,64,-51.2115,4,3.0,1.0,0.012398
PONEDERA,65,,4,4.0,1.0,0.004399
PONEDERA,66,34.7737,4,4.0,1.0,0.004399
PONEDERA,67,34.7737,4,4.0,1.0,0.004399
PONEDERA,68,34.7737,4,4.0,1.0,0.004399
PONEDERA,70,34.7737,4,4.0,1.0,0.004399
PONEDERA,71,34.7737,4,4.0,1.0,0.004399
PONEDERA,73,34.7737,4,4.0,1.0,0.004399
PONEDERA,75,34.7737,4,4.0,1.0,0.004399
PONEDERA,76,34.7737,4,4.0,1.0,0.004399
PONEDERA,77,34.7737,4,4.0,1.0,0.004399
PONEDERA,78,34.7737,4,4.0,1.0,0.004399
PUERTO COLOMBIA,1,-0.4242,2,0.0,0.0,0.607878
PUERTO COLOMBIA,2,-0.4242,2,0.0,0.0,0.607878
PUERTO COLOMBIA,5,-0.4242,2,0.0,0.0,0.607878
PUERTO COLOMBIA,6,-0.4242,2,0.0,0.0,0.607878
PUERTO COLOMBIA,7,-0.4242,2,0.0,0.0,0.607878
PUERTO COLOMBIA,8,-0.4242,2,0.0,0.0,0.607878
PUERTO COLOMBIA,9,-0.4242,2,0.0,0.0,0.607878
PUERTO COLOMBIA,11,-0.4242,2,0.0,0.0,0.607878
PUERTO COLOMBIA,12,-0.4242,2,0.0,0.0,0.607878
PUERTO COLOMBIA,13,-0.4242,2,0.0,0.0,0.607878
PUERTO COLOMBIA,14,-0.4242,2,0.0,0.0,0.607878
PUERTO COLOMBIA,18,-0.4242,2,0.0,0.0,0.607878
PUERTO COLOMBIA,19,-0.4242,2,0.0,0.0,0.607878
PUERTO COLOMBIA,20,-0.4242,2,0.0,0.0,0.607878
PUERTO COLOMBIA,21,-0.4242,2,0.0,0.0,0.607878
PUERTO COLOMBIA,22,-0.4242,2,0.0,0.0,0.607878
PUERTO COLOMBIA,23,-0.4242,2,0.0,0.0,0.607878
PUERTO COLOMBIA,24,-0.4242,2,0.0,0.0,0.607878
PUERTO COLOMBIA,25,-0.4242,2,0.0,0.0,0.607878
PUERTO COLOMBIA,26,-0.4242,2,0.0,0.0,0.607878
PUERTO COLOMBIA,27,-0.4242,2,0.0,0.0,0.607878
PUERTO COLOMBIA,28,-0.4242,2,0.0,0.0,0.607878
PUERTO COLOMBIA,29,-0.4242,2,0.0,0.0,0.607878
PUERTO COLOMBIA,30,-0.4242,2,0.0,0.0,0.607878
PUERTO COLOMBIA,36,-0.4242,2,0.0,0.0,0.607878
PUERTO COLOMBIA,37,-0.4242,2,0.0,0.0,0.607878
PUERTO COLOMBIA,40,-0.4242,2,0.0,0.0,0.607878
PUERTO COLOMBIA,41,-0.4242,2,0.0,0.0,0.607878
PUERTO COLOMBIA,44,-0.4242,2,0.0,0.0,0.607878
PUERTO COLOMBIA,47,-0.4242,2,0.0,0.0,0.607878
PUERTO COLOMBIA,50,,2,1.0,1.0,0.003199
PUERTO COLOMBIA,51,40.0552,2,1.0,1.0,0.003199
PUERTO COLOMBIA,52,40.0552,2,1.0,1.0,0.003199
PUERTO COLOMBIA,53,40.0552,2,1.0,1.0,0.003199
PUERTO COLOMBIA,54,40.0552,2,1.0,1.0,0.003199
PUERTO COLOMBIA,55,40.0552,2,1.0,1.0,0.003199
PUERTO COLOMBIA,56,40.0552,2,1.0,1.0,0.003199
PUERTO COLOMBIA,57,,2,1.0,1.0,0.003199
PUERTO COLOMBIA,58,-11.9526,2,2.0,1.0,0.002
PUERTO COLOMBIA,59,-11.9526,2,2.0,1.0,0.002
PUERTO COLOMBIA,60,-11.9526,2,2.0,1.0,0.002
PUERTO COLOMBIA,61,-11.9526,2,2.0,1.0,0.002
PUERTO COLOMBIA,62,-11.9526,2,2.0,1.0,0.002
PUERTO COLOMBIA,63,-11.9526,2,2.0,1.0,0.002
PUERTO COLOMBIA,64,-11.9526,2,2.0,1.0,0.002
PUERTO COLOMBIA,65,-11.9526,2,2.0,1.0,0.002
PUERTO COLOMBIA,66,-11.9526,2,2.0,1.0,0.002
PUERTO COLOMBIA,67,-11.9526,2,2.0,1.0,0.002
PUERTO COLOMBIA,68,-11.9526,2,2.0,1.0,0.002
PUERTO COLOMBIA,69,-11.9526,2,2.0,1.0,0.002
PUERTO COLOMBIA,70,-11.9526,2,2.0,1.0,0.002
PUERTO COLOMBIA,71,-11.9526,2,2.0,1.0,0.002
PUERTO COLOMBIA,72,-11.9526,2,2.0,1.0,0.002
PUERTO COLOMBIA,73,-11.9526,2,2.0,1.0,0.002
PUERTO COLOMBIA,75,-11.9526,2,2.0,1.0,0.002
PUERTO COLOMBIA,76,-11.9526,2,2.0,1.0,0.002
PUERTO COLOMBIA,77,-11.9526,2,2.0,1.0,0.002
PUERTO COLOMBIA,78,-11.9526,2,2.0,1.0,0.002
REPELÓN,10,15.6672,2,0.0,1.0,0.0004
REPELÓN,20,15.6672,2,0.0,1.0,0.0004
REPELÓN,23,15.6672,2,0.0,1.0,0.0004
REPELÓN,25,15.6672,2,0.0,1.0,0.0004
REPELÓN,26,15.6672,2,0.0,1.0,0.0004
REPELÓN,27,15.6672,2,0.0,1.0,0.0004
REPELÓN,28,15.6672,2,0.0,1.0,0.0004
REPELÓN,29,15.6672,2,0.0,1.0,0.0004
REPELÓN,30,15.6672,2,0.0,1.0,0.0004
REPELÓN,31,15.6672,2,0.0,1.0,0.0004
REPELÓN,32,,2,0.0,1.0,0.0004
REPELÓN,34,-18.1445,2,1.0,1.0,0.0012
REPELÓN,35,-18.1445,2,1.0,1.0,0.0012
REPELÓN,36,-18.1445,2,1.0,1.0,0.0012
REPELÓN,37,-18.1445,2,1.0,1.0,0.0012
REPELÓN,38,-18.1445,2,1.0,1.0,0.0012
REPELÓN,39,-18.1445,2,1.0,1.0,0.0012
REPELÓN,40,-18.1445,2,1.0,1.0,0.0012
REPELÓN,50,-18.1445,2,1.0,1.0,0.0012
REPELÓN,51,,2,1.0,1.0,0.0012
REPELÓN,52,7.0213,2,2.0,0.0,0.065187
REPELÓN,59,7.0213,2,2.0,0.0,0.065187
REPELÓN,61,7.0213,2,2.0,0.0,0.065187
REPELÓN,62,7.0213,2,2.0,0.0,0.065187
REPELÓN,64,7.0213,2,2.0,0.0,0.065187
REPELÓN,66,7.0213,2,2.0,0.0,0.065187
REPELÓN,74,7.0213,2,2.0,0.0,0.065187
SABANAGRANDE,1,-2.7986,3,0.0,0.0,0.106779
SABANAGRANDE,4,-2.7986,3,0.0,0.0,0.106779
SABANAGRANDE,6,-2.7986,3,0.0,0.0,0.106779
SABANAGRANDE,8,-2.7986,3,0.0,0.0,0.106779
SABANAGRANDE,9,-2.7986,3,0.0,0.0,0.106779
SABANAGRANDE,10,-2.7986,3,0.0,0.0,0.106779
SABANAGRANDE,11,-2.7986,3,0.0,0.0,0.106779
SABANAGRANDE,12,-2.7986,3,0.0,0.0,0.106779
SABANAGRANDE,16,-2.7986,3,0.0,0.0,0.106779
SABANAGRANDE,20,-2.7986,3,0.0,0.0,0.106779
SABANAGRANDE,21,-2.7986,3,0.0,0.0,0.106779
SABANAGRANDE,22,-2.7986,3,0.0,0.0,0.106779
SABANAGRANDE,23,-2.7986,3,0.0,0.0,0.106779
SABANAGRANDE,24,-2.7986,3,0.0,0.0,0.106779
SABANAGRANDE,25,-2.7986,3,0.0,0.0,0.106779
SABANAGRANDE,26,-2.7986,3,0.0,0.0,0.106779
SABANAGRANDE,27,-2.7986,3,0.0,0.0,0.106779
SABANAGRANDE,28,,3,0.0,0.0,0.106779
SABANAGRANDE,37,20.4291,3,1.0,1.0,0.010398
SABANAGRANDE,38,20.4291,3,1.0,1.0,0.010398
SABANAGRANDE,39,20.4291,3,1.0,1.0,0.010398
SABANAGRANDE,40,,3,2.0,1.0,0.009198
SABANAGRANDE,41,-24.1188,3,2.0,1.0,0.009198
SABANAGRANDE,45,-24.1188,3,2.0,1.0,0.009198
SABANAGRANDE,49,-24.1188,3,2.0,1.0,0.009198
SABANAGRANDE,51,,3,3.0,0.0,0.057988
SABANAGRANDE,52,4.2284,3,3.0,0.0,0.057988
SABANAGRANDE,53,4.2284,3,3.0,0.0,0.057988
SABANAGRANDE,54,4.2284,3,3.0,0.0,0.057988
SABANAGRANDE,60,4.2284,3,3.0,0.0,0.057988
SABANAGRANDE,61,4.2284,3,3.0,0.0,0.057988
SABANAGRANDE,62,4.2284,3,3.0,0.0,0.057988
SABANAGRANDE,63,4.2284,3,3.0,0.0,0.057988
SABANAGRANDE,64,4.2284,3,3.0,0.0,0.057988
SABANAGRANDE,66,4.2284,3,3.0,0.0,0.057988
SABANAGRANDE,68,4.2284,3,3.0,0.0,0.057988
SABANAGRANDE,69,4.2284,3,3.0,0.0,0.057988
SABANAGRANDE,72,4.2284,3,3.0,0.0,0.057988
SABANAGRANDE,75,4.2284,3,3.0,0.0,0.057988
SABANAGRANDE,78,4.2284,3,3.0,0.0,0.057988
SABANALARGA,1,18.4037,1,0.0,1.0,0.0
SABANALARGA,2,18.4037,1,0.0,1.0,0.0
SABANALARGA,3,18.4037,1,0.0,1.0,0.0
SABANALARGA,5,18.4037,1,0.0,1.0,0.0
SABANALARGA,6,18.4037,1,0.0,1.0,0.0
SABANALARGA,7,18.4037,1,0.0,1.0,0.0
SABANALARGA,8,18.4037,1,0.0,1.0,0.0
SABANALARGA,9,18.4037,1,0.0,1.0,0.0
SABANALARGA,10,18.4037,1,0.0,1.0,0.0
SABANALARGA,11,18.4037,1,0.0,1.0,0.0
SABANALARGA,12,18.4037,1,0.0,1.0,0.0
SABANALARGA,13,18.4037,1,0.0,1.0,0.0
SABANALARGA,14,18.4037,1,0.0,1.0,0.0
SABANALARGA,15,18.4037,1,0.0,1.0,0.0
SABANALARGA,16,18.4037,1,0.0,1.0,0.0
SABANALARGA,17,,1,0.0,1.0,0.0
SABANALARGA,18,-3.2062,1,1.0,1.0,0.0
SABANALARGA,19,-3.2062,1,1.0,1.0,0.0
SABANALARGA,20,-3.2062,1,1.0,1.0,0.0
SABANALARGA,21,-3.2062,1,1.0,1.0,0.0
SABANALARGA,22,-3.2062,1,1.0,1.0,0.0
SABANALARGA,23,-3.2062,1,1.0,1.0,0.0
SABANALARGA,24,-3.2062,1,1.0,1.0,0.0
SABANALARGA,25,-3.2062,1,1.0,1.0,0.0
SABANALARGA,26,-3.2062,1,1.0,1.0,0.0
SABANALARGA,27,-3.2062,1,1.0,1.0,0.0
SABANALARGA,28,-3.2062,1,1.0,1.0,0.0
SABANALARGA,29,-3.2062,1,1.0,1.0,0.0
SABANALARGA,30,-3.2062,1,1.0,1.0,0.0
SABANALARGA,32,-3.2062,1,1.0,1.0,0.0
SABANALARGA,34,-3.2062,1,1.0,1.0,0.0
SABANALARGA,35,-3.2062,1,1.0,1.0,0.0
SABANALARGA,36,-3.2062,1,1.0,1.0,0.0
SABANALARGA,37,-3.2062,1,1.0,1.0,0.0
SABANALARGA,38,-3.2062,1,1.0,1.0,0.0
SABANALARGA,39,-3.2062,1,1.0,1.0,0.0
SABANALARGA,40,-3.2062,1,1.0,1.0,0.0
SABANALARGA,41,-3.2062,1,1.0,1.0,0.0
SABANALARGA,43,-3.2062,1,1.0,1.0,0.0
SABANALARGA,44,-3.2062,1,1.0,1.0,0.0
SABANALARGA,45,-3.2062,1,1.0,1.0,0.0
SABANALARGA,46,-3.2062,1,1.0,1.0,0.0
SABANALARGA,47,-3.2062,1,1.0,1.0,0.0
SABANALARGA,48,-3.2062,1,1.0,1.0,0.0
SABANALARGA,49,-3.2062,1,1.0,1.0,0.0
SABANALARGA,50,-3.2062,1,1.0,1.0,0.0
SABANALARGA,51,-3.2062,1,1.0,1.0,0.0
SABANALARGA,52,-3.2062,1,1.0,1.0,0.0
SABANALARGA,53,-3.2062,1,1.0,1.0,0.0
SABANALARGA,54,-3.2062,1,1.0,1.0,0.0
SABANALARGA,55,-3.2062,1,1.0,1.0,0.0
SABANALARGA,56,-3.2062,1,1.0,1.0,0.0
SABANALARGA,57,-3.2062,1,1.0,1.0,0.0
SABANALARGA,58,-3.2062,1,1.0,1.0,0.0
SABANALARGA,59,-3.2062,1,1.0,1.0,0.0
SABANALARGA,60,-3.2062,1,1.0,1.0,0.0
SABANALARGA,61,-3.2062,1,1.0,1.0,0.0
SABANALARGA,62,-3.2062,1,1.0,1.0,0.0
SABANALARGA,63,-3.2062,1,1.0,1.0,0.0
SABANALARGA,64,-3.2062,1,1.0,1.0,0.0
SABANALARGA,65,-3.2062,1,1.0,1.0,0.0
SABANALARGA,66,-3.2062,1,1.0,1.0,0.0
SABANALARGA,67,-3.2062,1,1.0,1.0,0.0
SABANALARGA,68,-3.2062,1,1.0,1.0,0.0
SABANALARGA,69,-3.2062,1,1.0,1.0,0.0
SABANALARGA,70,-3.2062,1,1.0,1.0,0.0
SABANALARGA,71,-3.2062,1,1.0,1.0,0.0
SABANALARGA,72,-3.2062,1,1.0,1.0,0.0
SABANALARGA,73,-3.2062,1,1.0,1.0,0.0
SABANALARGA,74,-3.2062,1,1.0,1.0,0.0
SABANALARGA,75,-3.2062,1,1.0,1.0,0.0
SABANALARGA,76,-3.2062,1,1.0,1.0,0.0
SABANALARGA,77,-3.2062,1,1.0,1.0,0.0
SABANALARGA,78,-3.2062,1,1.0,1.0,0.0
SANTA LUCÍA,17,-4.7578,0,0.0,0.0,0.105179
SANTA LUCÍA,26,-4.7578,0,0.0,0.0,0.105179
SANTA LUCÍA,27,-4.7578,0,0.0,0.0,0.105179
SANTA LUCÍA,31,-4.7578,0,0.0,0.0,0.105179
SANTA LUCÍA,32,-4.7578,0,0.0,0.0,0.105179
SANTA LUCÍA,33,-4.7578,0,0.0,0.0,0.105179
SANTA LUCÍA,34,-4.7578,0,0.0,0.0,0.105179
SANTA LUCÍA,35,-4.7578,0,0.0,0.0,0.105179
SANTA LUCÍA,36,-4.7578,0,0.0,0.0,0.105179
SANTA LUCÍA,49,-4.7578,0,0.0,0.0,0.105179
SANTA LUCÍA,50,-4.7578,0,0.0,0.0,0.105179
SANTA LUCÍA,51,-4.7578,0,0.0,0.0,0.105179
SANTA LUCÍA,52,-4.7578,0,0.0,0.0,0.105179
SANTA LUCÍA,53,-4.7578,0,0.0,0.0,0.105179
SANTA LUCÍA,54,-4.7578,0,0.0,0.0,0.105179
SANTA LUCÍA,55,-4.7578,0,0.0,0.0,0.105179
SANTA LUCÍA,56,-4.7578,0,0.0,0.0,0.105179
SANTA LUCÍA,65,-4.7578,0,0.0,0.0,0.105179
SANTA LUCÍA,66,-4.7578,0,0.0,0.0,0.105179
SANTA LUCÍA,70,-4.7578,0,0.0,0.0,0.105179
SANTO TOMÁS,1,-1.9764,1,0.0,1.0,0.039992
SANTO TOMÁS,3,-1.9764,1,0.0,1.0,0.039992
SANTO TOMÁS,5,-1.9764,1,0.0,1.0,0.039992
SANTO TOMÁS,6,-1.9764,1,0.0,1.0,0.039992
SANTO TOMÁS,11,-1.9764,1,0.0,1.0,0.039992
SANTO TOMÁS,12,-1.9764,1,0.0,1.0,0.039992
SANTO TOMÁS,18,-1.9764,1,0.0,1.0,0.039992
SANTO TOMÁS,19,-1.9764,1,0.0,1.0,0.039992
SANTO TOMÁS,20,-1.9764,1,0.0,1.0,0.039992
SANTO TOMÁS,21,-1.9764,1,0.0,1.0,0.039992
SANTO TOMÁS,22,-1.9764,1,0.0,1.0,0.039992
SANTO TOMÁS,24,-1.9764,1,0.0,1.0,0.039992
SANTO TOMÁS,25,-1.9764,1,0.0,1.0,0.039992
SANTO TOMÁS,26,-1.9764,1,0.0,1.0,0.039992
SANTO TOMÁS,27,-1.9764,1,0.0,1.0,0.039992
SANTO TOMÁS,28,-1.9764,1,0.0,1.0,0.039992
SANTO TOMÁS,29,-1.9764,1,0.0,1.0,0.039992
SANTO TOMÁS,30,-1.9764,1,0.0,1.0,0.039992
SANTO TOMÁS,34,-1.9764,1,0.0,1.0,0.039992
SANTO TOMÁS,37,-1.9764,1,0.0,1.0,0.039992
SANTO TOMÁS,39,-1.9764,1,0.0,1.0,0.039992
SANTO TOMÁS,40,-1.9764,1,0.0,1.0,0.039992
SANTO TOMÁS,48,-1.9764,1,0.0,1.0,0.039992
SANTO TOMÁS,49,-1.9764,1,0.0,1.0,0.039992
SANTO TOMÁS,50,-1.9764,1,0.0,1.0,0.039992
SANTO TOMÁS,51,-1.9764,1,0.0,1.0,0.039992
SANTO TOMÁS,52,-1.9764,1,0.0,1.0,0.039992
SANTO TOMÁS,53,-1.9764,1,0.0,1.0,0.039992
SANTO TOMÁS,54,-1.9764,1,0.0,1.0,0.039992
SANTO TOMÁS,55,-1.9764,1,0.0,1.0,0.039992
SANTO TOMÁS,56,-1.9764,1,0.0,1.0,0.039992
SANTO TOMÁS,60,-1.9764,1,0.0,1.0,0.039992
SANTO TOMÁS,61,-1.9764,1,0.0,1.0,0.039992
SANTO TOMÁS,62,-1.9764,1,0.0,1.0,0.039992
SANTO TOMÁS,63,-1.9764,1,0.0,1.0,0.039992
SANTO TOMÁS,64,,1,0.0,1.0,0.039992
SANTO TOMÁS,65,10.775,1,1.0,0.0,0.070786
SANTO TOMÁS,66,10.775,1,1.0,0.0,0.070786
SANTO TOMÁS,70,10.775,1,1.0,0.0,0.070786
SANTO TOMÁS,71,10.775,1,1.0,0.0,0.070786
SANTO TOMÁS,73,10.775,1,1.0,0.0,0.070786
SANTO TOMÁS,74,10.775,1,1.0,0.0,0.070786
SANTO TOMÁS,75,10.775,1,1.0,0.0,0.070786
SANTO TOMÁS,76,10.775,1,1.0,0.0,0.070786
SANTO TOMÁS,77,10.775,1,1.0,0.0,0.070786
SANTO TOMÁS,78,10.775,1,1.0,0.0,0.070786
SOLEDAD,1,-6.187,1,0.0,1.0,0.002
SOLEDAD,2,-6.187,1,0.0,1.0,0.002
SOLEDAD,3,-6.187,1,0.0,1.0,0.002
SOLEDAD,4,-6.187,1,0.0,1.0,0.002
SOLEDAD,5,-6.187,1,0.0,1.0,0.002
SOLEDAD,6,-6.187,1,0.0,1.0,0.002
SOLEDAD,7,-6.187,1,0.0,1.0,0.002
SOLEDAD,8,-6.187,1,0.0,1.0,0.002
SOLEDAD,9,-6.187,1,0.0,1.0,0.002
SOLEDAD,10,-6.187,1,0.0,1.0,0.002
SOLEDAD,11,-6.187,1,0.0,1.0,0.002
SOLEDAD,12,-6.187,1,0.0,1.0,0.002
SOLEDAD,13,-6.187,1,0.0,1.0,0.002
SOLEDAD,14,-6.187,1,0.0,1.0,0.002
SOLEDAD,15,-6.187,1,0.0,1.0,0.002
SOLEDAD,16,-6.187,1,0.0,1.0,0.002
SOLEDAD,17,-6.187,1,0.0,1.0,0.002
SOLEDAD,18,,1,0.0,1.0,0.002
SOLEDAD,19,1.7455,1,1.0,1.0,0.0008
SOLEDAD,20,1.7455,1,1.0,1.0,0.0008
SOLEDAD,21,1.7455,1,1.0,1.0,0.0008
SOLEDAD,22,1.7455,1,1.0,1.0,0.0008
SOLEDAD,23,1.7455,1,1.0,1.0,0.0008
SOLEDAD,24,1.7455,1,1.0,1.0,0.0008
SOLEDAD,25,1.7455,1,1.0,1.0,0.0008
SOLEDAD,26,1.7455,1,1.0,1.0,0.0008
SOLEDAD,27,1.7455,1,1.0,1.0,0.0008
SOLEDAD,28,1.7455,1,1.0,1.0,0.0008
SOLEDAD,29,1.7455,1,1.0,1.0,0.0008
SOLEDAD,30,1.7455,1,1.0,1.0,0.0008
SOLEDAD,31,1.7455,1,1.0,1.0,0.0008
SOLEDAD,32,1.7455,1,1.0,1.0,0.0008
SOLEDAD,33,1.7455,1,1.0,1.0,0.0008
SOLEDAD,34,1.7455,1,1.0,1.0,0.0008
SOLEDAD,35,1.7455,1,1.0,1.0,0.0008
SOLEDAD,36,1.7455,1,1.0,1.0,0.0008
SOLEDAD,37,1.7455,1,1.0,1.0,0.0008
SOLEDAD,38,1.7455,1,1.0,1.0,0.0008
SOLEDAD,39,1.7455,1,1.0,1.0,0.0008
SOLEDAD,40,1.7455,1,1.0,1.0,0.0008
SOLEDAD,41,1.7455,1,1.0,1.0,0.0008
SOLEDAD,42,1.7455,1,1.0,1.0,0.0008
SOLEDAD,43,1.7455,1,1.0,1.0,0.0008
SOLEDAD,44,1.7455,1,1.0,1.0,0.0008
SOLEDAD,45,1.7455,1,1.0,1.0,0.0008
SOLEDAD,46,1.7455,1,1.0,1.0,0.0008
SOLEDAD,47,1.7455,1,1.0,1.0,0.0008
SOLEDAD,48,1.7455,1,1.0,1.0,0.0008
SOLEDAD,49,1.7455,1,1.0,1.0,0.0008
SOLEDAD,50,1.7455,1,1.0,1.0,0.0008
SOLEDAD,51,1.7455,1,1.0,1.0,0.0008
SOLEDAD,52,1.7455,1,1.0,1.0,0.0008
SOLEDAD,53,1.7455,1,1.0,1.0,0.0008
SOLEDAD,54,1.7455,1,1.0,1.0,0.0008
SOLEDAD,55,1.7455,1,1.0,1.0,0.0008
SOLEDAD,56,1.7455,1,1.0,1.0,0.0008
SOLEDAD,57,1.7455,1,1.0,1.0,0.0008
SOLEDAD,58,1.7455,1,1.0,1.0,0.0008
SOLEDAD,59,1.7455,1,1.0,1.0,0.0008
SOLEDAD,60,1.7455,1,1.0,1.0,0.0008
SOLEDAD,61,1.7455,1,1.0,1.0,0.0008
SOLEDAD,62,1.7455,1,1.0,1.0,0.0008
SOLEDAD,63,1.7455,1,1.0,1.0,0.0008
SOLEDAD,64,1.7455,1,1.0,1.0,0.0008
SOLEDAD,65,1.7455,1,1.0,1.0,0.0008
SOLEDAD,66,1.7455,1,1.0,1.0,0.0008
SOLEDAD,67,1.7455,1,1.0,1.0,0.0008
SOLEDAD,68,1.7455,1,1.0,1.0,0.0008
SOLEDAD,69,1.7455,1,1.0,1.0,0.0008
SOLEDAD,70,1.7455,1,1.0,1.0,0.0008
SOLEDAD,71,1.7455,1,1.0,1.0,0.0008
SOLEDAD,72,1.7455,1,1.0,1.0,0.0008
SOLEDAD,73,1.7455,1,1.0,1.0,0.0008
SOLEDAD,74,1.7455,1,1.0,1.0,0.0008
SOLEDAD,75,1.7455,1,1.0,1.0,0.0008
SOLEDAD,76,1.7455,1,1.0,1.0,0.0008
SOLEDAD,77,1.7455,1,1.0,1.0,0.0008
SOLEDAD,78,1.7455,1,1.0,1.0,0.0008
SUAN,6,0.8058,0,0.0,0.0,0.385923
SUAN,14,0.8058,0,0.0,0.0,0.385923
SUAN,15,0.8058,0,0.0,0.0,0.385923
SUAN,19,0.8058,0,0.0,0.0,0.385923
SUAN,20,0.8058,0,0.0,0.0,0.385923
SUAN,21,0.8058,0,0.0,0.0,0.385923
SUAN,22,0.8058,0,0.0,0.0,0.385923
SUAN,23,0.8058,0,0.0,0.0,0.385923
SUAN,24,0.8058,0,0.0,0.0,0.385923
SUAN,25,0.8058,0,0.0,0.0,0.385923
SUAN,26,0.8058,0,0.0,0.0,0.385923
SUAN,27,0.8058,0,0.0,0.0,0.385923
SUAN,28,0.8058,0,0.0,0.0,0.385923
SUAN,29,0.8058,0,0.0,0.0,0.385923
SUAN,30,0.8058,0,0.0,0.0,0.385923
SUAN,50,0.8058,0,0.0,0.0,0.385923
SUAN,51,0.8058,0,0.0,0.0,0.385923
SUAN,52,0.8058,0,0.0,0.0,0.385923
SUAN,53,0.8058,0,0.0,0.0,0.385923
SUAN,54,0.8058,0,0.0,0.0,0.385923
SUAN,55,0.8058,0,0.0,0.0,0.385923
SUAN,56,0.8058,0,0.0,0.0,0.385923
SUAN,57,0.8058,0,0.0,0.0,0.385923
SUAN,58,0.8058,0,0.0,0.0,0.385923
SUAN,59,0.8058,0,0.0,0.0,0.385923
SUAN,60,0.8058,0,0.0,0.0,0.385923
SUAN,61,0.8058,0,0.0,0.0,0.385923
SUAN,62,0.8058,0,0.0,0.0,0.385923
SUAN,71,0.8058,0,0.0,0.0,0.385923
SUAN,73,0.8058,0,0.0,0.0,0.385923
SUAN,74,0.8058,0,0.0,0.0,0.385923
SUAN,75,0.8058,0,0.0,0.0,0.385923
SUAN,77,0.8058,0,0.0,0.0,0.385923
TUBARÁ,7,-1.0507,0,0.0,0.0,0.238752
TUBARÁ,8,-1.0507,0,0.0,0.0,0.238752
TUBARÁ,9,-1.0507,0,0.0,0.0,0.238752
TUBARÁ,10,-1.0507,0,0.0,0.0,0.238752
TUBARÁ,11,-1.0507,0,0.0,0.0,0.238752
TUBARÁ,13,-1.0507,0,0.0,0.0,0.238752
TUBARÁ,14,-1.0507,0,0.0,0.0,0.238752
TUBARÁ,20,-1.0507,0,0.0,0.0,0.238752
TUBARÁ,24,-1.0507,0,0.0,0.0,0.238752
TUBARÁ,27,-1.0507,0,0.0,0.0,0.238752
TUBARÁ,28,-1.0507,0,0.0,0.0,0.238752
TUBARÁ,29,-1.0507,0,0.0,0.0,0.238752
TUBARÁ,32,-1.0507,0,0.0,0.0,0.238752
TUBARÁ,33,-1.0507,0,0.0,0.0,0.238752
TUBARÁ,44,-1.0507,0,0.0,0.0,0.238752
TUBARÁ,48,-1.0507,0,0.0,0.0,0.238752
TUBARÁ,50,-1.0507,0,0.0,0.0,0.238752
TUBARÁ,51,-1.0507,0,0.0,0.0,0.238752
TUBARÁ,52,-1.0507,0,0.0,0.0,0.238752
TUBARÁ,53,-1.0507,0,0.0,0.0,0.238752
TUBARÁ,54,-1.0507,0,0.0,0.0,0.238752
TUBARÁ,55,-1.0507,0,0.0,0.0,0.238752
TUBARÁ,56,-1.0507,0,0.0,0.0,0.238752
TUBARÁ,57,-1.0507,0,0.0,0.0,0.238752
TUBARÁ,59,-1.0507,0,0.0,0.0,0.238752
TUBARÁ,62,-1.0507,0,0.0,0.0,0.238752
TUBARÁ,63,-1.0507,0,0.0,0.0,0.238752
TUBARÁ,64,-1.0507,0,0.0,0.0,0.238752
TUBARÁ,65,-1.0507,0,0.0,0.0,0.238752
TUBARÁ,67,-1.0507,0,0.0,0.0,0.238752
TUBARÁ,69,-1.0507,0,0.0,0.0,0.238752
TUBARÁ,72,-1.0507,0,0.0,0.0,0.238752
TUBARÁ,77,-1.0507,0,0.0,0.0,0.238752
USIACURÍ,1,-2.7432,2,0.0,1.0,0.0004
USIACURÍ,6,-2.7432,2,0.0,1.0,0.0004
USIACURÍ,7,-2.7432,2,0.0,1.0,0.0004
USIACURÍ,8,-2.7432,2,0.0,1.0,0.0004
USIACURÍ,11,-2.7432,2,0.0,1.0,0.0004
USIACURÍ,12,-2.7432,2,0.0,1.0,0.0004
USIACURÍ,13,-2.7432,2,0.0,1.0,0.0004
USIACURÍ,15,-2.7432,2,0.0,1.0,0.0004
USIACURÍ,20,-2.7432,2,0.0,1.0,0.0004
USIACURÍ,22,-2.7432,2,0.0,1.0,0.0004
USIACURÍ,25,-2.7432,2,0.0,1.0,0.0004
USIACURÍ,28,-2.7432,2,0.0,1.0,0.0004
USIACURÍ,36,-2.7432,2,0.0,1.0,0.0004
USIACURÍ,52,-2.7432,2,0.0,1.0,0.0004
USIACURÍ,53,-2.7432,2,0.0,1.0,0.0004
USIACURÍ,57,-2.7432,2,0.0,1.0,0.0004
USIACURÍ,59,-2.7432,2,0.0,1.0,0.0004
USIACURÍ,63,-2.7432,2,0.0,1.0,0.0004
USIACURÍ,64,-2.7432,2,0.0,1.0,0.0004
USIACURÍ,65,-2.7432,2,0.0,1.0,0.0004
USIACURÍ,66,,2,0.0,1.0,0.0004
USIACURÍ,69,119.9957,2,1.0,1.0,0.0004
USIACURÍ,70,119.9957,2,1.0,1.0,0.0004
USIACURÍ,71,119.9957,2,1.0,1.0,0.0004
USIACURÍ,72,,2,1.0,1.0,0.0004
USIACURÍ,73,-28.6171,2,2.0,1.0,0.010398
USIACURÍ,74,-28.6171,2,2.0,1.0,0.010398
USIACURÍ,75,-28.6171,2,2.0,1.0,0.010398
USIACURÍ,76,-28.6171,2,2.0,1.0,0.010398
USIACURÍ,77,-28.6171,2,2.0,1.0,0.010398
USIACURÍ,78,-28.6171,2,2.0,1.0,0.010398
