municipio,año,temp_max,temp_min,humedad,precipitacion,dist_rio_1,dist_lag_1
BARANOA,2017,30.44881820678711,23.99893569946289,91.04126739501952,550048.4390133864,1.275986857905614,17.60367485448971
BARANOA,2018,30.37014961242676,23.93035697937012,90.86920166015624,469218.2784120514,1.275986857905614,17.60367485448971
BARANOA,2019,30.610963821411133,24.197858810424805,90.46469116210938,434414.4670962634,1.275986857905614,17.60367485448971
BARANOA,2020,30.32197952270508,24.007429122924805,90.61671447753906,546243.9351621221,1.275986857905614,17.60367485448971
BARANOA,2021,30.161251068115234,23.827611923217773,90.45265197753906,547501.4135851925,1.275986857905614,17.60367485448971
BARANOA,2022,30.131816864013672,23.62594223022461,91.66358947753906,689034.0819408143,1.275986857905614,17.60367485448971
BARANOA,2023,30.803417205810547,24.22629165649414,90.82515716552734,469017.0736795909,1.275986857905614,17.60367485448971
BARRANQUILLA,2017,30.302852630615234,25.307111740112305,86.88523864746094,356540.8429804077,1.99148089005829,5.885683694292155
BARRANQUILLA,2018,30.01790809631348,25.1802921295166,86.80494689941406,270510.114852288,1.99148089005829,5.885683694292155
BARRANQUILLA,2019,30.12735939025879,25.29327392578125,87.16896057128906,295433.5570295216,1.99148089005829,5.885683694292155
BARRANQUILLA,2020,30.131610870361328,25.21341896057129,87.11906433105469,400126.4269212719,1.99148089005829,5.885683694292155
BARRANQUILLA,2021,29.94237518310547,25.087055206298828,86.59423828125,374000.7461156257,1.99148089005829,5.885683694292155
BARRANQUILLA,2022,29.98175811767578,24.884366989135746,87.1456298828125,539119.4295429203,1.99148089005829,5.885683694292155
BARRANQUILLA,2023,30.44270133972168,25.459774017333984,87.08028411865234,321774.9037373719,1.99148089005829,5.885683694292155
CAMPO DE LA CRUZ,2017,31.904720306396484,24.782638549804688,88.73883819580078,391557.69860685687,0.262271827829908,5.433398254450008
CAMPO DE LA CRUZ,2018,31.88064765930176,24.724422454833984,88.72265625,334465.0519275829,0.262271827829908,5.433398254450008
CAMPO DE LA CRUZ,2019,32.092872619628906,24.987306594848636,88.3021469116211,305777.8848749644,0.262271827829908,5.433398254450008
CAMPO DE LA CRUZ,2020,31.62339401245117,24.76112365722656,88.62660217285156,381519.73769484,0.262271827829908,5.433398254450008
CAMPO DE LA CRUZ,2021,31.53141021728516,24.603191375732425,88.5873794555664,373539.155241398,0.262271827829908,5.433398254450008
CAMPO DE LA CRUZ,2022,31.288576126098636,24.397056579589844,89.87853240966797,463243.6593551668,0.262271827829908,5.433398254450008
CAMPO DE LA CRUZ,2023,32.35683822631836,24.98933982849121,88.44047546386719,340193.4900922155,0.262271827829908,5.433398254450008
CANDELARIA,2017,31.711050033569336,24.34598731994629,90.12515258789062,391557.69860685687,1.044205284417448,4.608124745188931
CANDELARIA,2018,31.68805885314941,24.290430068969727,90.10948181152344,334465.0519275829,1.044205284417448,4.608124745188931
CANDELARIA,2019,31.890743255615234,24.541309356689453,89.70257568359375,305777.8848749644,1.044205284417448,4.608124745188931
CANDELARIA,2020,31.44220733642578,24.325366973876957,90.01632690429688,381519.73769484,1.044205284417448,4.608124745188931
CANDELARIA,2021,31.35453414916992,24.17473602294922,89.97857666015625,373539.155241398,1.044205284417448,4.608124745188931
CANDELARIA,2022,31.12262344360352,23.978015899658203,91.22797393798828,463243.6593551668,1.044205284417448,4.608124745188931
CANDELARIA,2023,32.1428337097168,24.54324722290039,89.83643341064453,340193.4900922155,1.044205284417448,4.608124745188931
GALAPA,2017,30.337718963623047,24.436279296875,89.38328552246094,356540.8429804077,0.728151113212237,12.860763614518282
GALAPA,2018,30.075519561767575,24.33010482788086,89.31324768066406,270510.114852288,0.728151113212237,12.860763614518282
GALAPA,2019,30.17623519897461,24.424694061279297,89.6307601928711,295433.5570295216,0.728151113212237,12.860763614518282
GALAPA,2020,30.18099403381348,24.35752868652344,89.58642578125,400126.4269212719,0.728151113212237,12.860763614518282
GALAPA,2021,30.006013870239254,24.25204849243164,89.12948608398438,374000.7461156257,0.728151113212237,12.860763614518282
GALAPA,2022,30.042259216308597,24.08235740661621,89.61040496826172,539119.4295429203,0.728151113212237,12.860763614518282
GALAPA,2023,30.46640014648437,24.564083099365234,89.55340576171875,321774.9037373719,0.728151113212237,12.860763614518282
JUAN DE ACOSTA,2017,30.386838912963867,24.168296813964844,89.68972778320312,334188.09898441785,1.859178163350998,10.258566363420968
JUAN DE ACOSTA,2018,30.65390396118164,24.137725830078125,88.66046905517578,241351.89145142084,1.859178163350998,10.258566363420968
JUAN DE ACOSTA,2019,31.08185577392578,24.43252944946289,87.79708099365234,214347.74718937807,1.859178163350998,10.258566363420968
JUAN DE ACOSTA,2020,30.606861114501957,24.22906875610352,88.4839096069336,300657.8360249273,1.859178163350998,10.258566363420968
JUAN DE ACOSTA,2021,30.23080444335937,23.984561920166016,88.74942016601562,314017.8409539347,1.859178163350998,10.258566363420968
JUAN DE ACOSTA,2022,30.033811569213867,23.810726165771484,90.12423706054688,447573.3034850473,1.859178163350998,10.258566363420968
JUAN DE ACOSTA,2023,30.907634735107425,24.36783218383789,88.96965026855469,275412.42767155985,1.859178163350998,10.258566363420968
LURUACO,2017,15.50051498413086,12.237421989440918,44.42633056640625,167094.04949220893,1.906556563719911,1.591647379259128
LURUACO,2018,15.652217864990234,12.224559783935549,43.9827766418457,120675.94572571042,1.906556563719911,1.591647379259128
LURUACO,2019,15.89531421661377,12.348577499389648,43.61069869995117,107173.87359468904,1.906556563719911,1.591647379259128
LURUACO,2020,15.625824928283691,12.262605667114258,43.906776428222656,150328.91801246366,1.906556563719911,1.591647379259128
LURUACO,2021,15.411877632141112,12.160126686096191,44.02111053466797,157008.92047696735,1.906556563719911,1.591647379259128
LURUACO,2022,15.299978256225586,12.086999893188477,44.613582611083984,223786.65174252365,1.906556563719911,1.591647379259128
LURUACO,2023,15.796347618103027,12.321361541748049,44.11602020263672,137706.21383577993,1.906556563719911,1.591647379259128
MALAMBO,2017,30.76960182189941,24.69244956970215,89.14166768391927,421043.3749914006,0.963124270240725,4.55644505974474
MALAMBO,2018,30.564308802286785,24.601163228352863,89.04589080810547,336746.1693722091,0.963124270240725,4.55644505974474
MALAMBO,2019,30.71681722005208,24.74955368041992,89.12086741129558,341760.5270517689,0.963124270240725,4.55644505974474
MALAMBO,2020,30.618948618570965,24.643917083740234,89.14006042480469,448832.26300155534,0.963124270240725,4.55644505974474
MALAMBO,2021,30.444127400716145,24.51705042521159,88.80518086751302,431834.3019388146,0.963124270240725,4.55644505974474
MALAMBO,2022,30.45840835571289,24.34124183654785,89.47176361083984,589090.9803422183,0.963124270240725,4.55644505974474
MALAMBO,2023,30.980862935384117,24.84938112894694,89.18203226725261,370855.6270514449,0.963124270240725,4.55644505974474
MANATÍ,2017,31.62969970703125,24.972177505493164,88.30472564697266,364759.4959648015,1.595381567945146,5.478245445148
MANATÍ,2018,31.75265312194824,24.88922500610352,88.13671112060547,303922.06152697135,1.595381567945146,5.478245445148
MANATÍ,2019,32.237098693847656,25.245838165283203,87.39611053466797,266313.205193918,1.595381567945146,5.478245445148
MANATÍ,2020,31.778221130371094,25.059228897094727,87.49669647216797,313398.2946734448,1.595381567945146,5.478245445148
MANATÍ,2021,31.435081481933597,24.78866577148437,87.85797119140625,348982.6209529785,1.595381567945146,5.478245445148
MANATÍ,2022,31.1462459564209,24.598712921142575,88.86631774902344,438751.0360493072,1.595381567945146,5.478245445148
MANATÍ,2023,32.21882629394531,25.185945510864254,87.96309661865234,307207.62678143097,1.595381567945146,5.478245445148
PALMAR DE VARELA,2017,31.35962677001953,24.6790714263916,89.96725463867188,550048.4390133864,0.692781004963048,2.75998823289286
PALMAR DE VARELA,2018,31.27437400817871,24.614431381225582,89.84935760498047,469218.2784120514,0.692781004963048,2.75998823289286
PALMAR DE VARELA,2019,31.535343170166016,24.86656951904297,89.57218170166016,434414.4670962634,0.692781004963048,2.75998823289286
PALMAR DE VARELA,2020,31.22248077392578,24.686717987060547,89.67851257324219,546243.9351621221,0.692781004963048,2.75998823289286
PALMAR DE VARELA,2021,31.048002243041992,24.517593383789062,89.56393432617188,547501.4135851925,0.692781004963048,2.75998823289286
PALMAR DE VARELA,2022,31.016101837158203,24.3275089263916,90.39368438720705,689034.0819408143,0.692781004963048,2.75998823289286
PALMAR DE VARELA,2023,31.743896484375,24.893367767333984,89.81917572021484,469017.0736795909,0.692781004963048,2.75998823289286
PIOJÓ,2017,10.290121714274088,8.089937210083008,29.72025807698568,111396.03299480597,3.430433480718549,7.954901154354912
PIOJÓ,2018,10.387018203735352,8.080661137898764,29.361918131510414,80450.63048380695,3.430433480718549,7.954901154354912
PIOJÓ,2019,10.54228655497233,8.170105616251627,29.061325073242188,71449.24906312603,3.430433480718549,7.954901154354912
PIOJÓ,2020,10.3701171875,8.108251571655273,29.300371805826824,100219.27867497578,3.430433480718549,7.954901154354912
PIOJÓ,2021,10.233508427937826,8.034191131591797,29.39288584391276,104672.61365131156,3.430433480718549,7.954901154354912
PIOJÓ,2022,10.162036259969076,7.981449762980143,29.8715337117513,149191.10116168245,3.430433480718549,7.954901154354912
PIOJÓ,2023,10.479076385498049,8.150476455688477,29.469561258951824,91804.1425571866,3.430433480718549,7.954901154354912
POLONUEVO,2017,30.968159993489586,24.494722366333008,90.10630289713542,550048.4390133864,0.058357962997487,10.99447512538042
POLONUEVO,2018,30.88600730895996,24.42803382873535,89.9574686686198,469218.2784120513,0.058357962997487,10.99447512538042
POLONUEVO,2019,31.137488047281902,24.688162485758465,89.60757700602214,434414.46709626337,0.058357962997487,10.99447512538042
POLONUEVO,2020,30.835818608601887,24.50280825297038,89.74022674560547,546243.9351621221,0.058357962997487,10.99447512538042
POLONUEVO,2021,30.66786193847656,24.328123092651367,89.59716033935547,547501.4135851925,0.058357962997487,10.99447512538042
POLONUEVO,2022,30.63712310791016,24.13201332092285,90.64460754394533,689034.0819408143,0.058357962997487,10.99447512538042
POLONUEVO,2023,31.33846155802409,24.71581013997396,89.91937510172527,469017.0736795909,0.058357962997487,10.99447512538042
PONEDERA,2017,31.66147232055664,24.43119239807129,91.33843231201172,470803.0688101216,0.099086398790624,5.083966367469738
PONEDERA,2018,31.60522079467773,24.37114715576172,91.27904510498048,401841.6651698172,0.099086398790624,5.083966367469738
PONEDERA,2019,31.8414306640625,24.623462677001957,90.99451446533205,370096.175985614,0.099086398790624,5.083966367469738
PONEDERA,2020,31.45893669128418,24.423748016357425,91.16708374023438,463881.836428481,0.099086398790624,5.083966367469738
PONEDERA,2021,31.32400703430176,24.263996124267575,91.09886169433594,460520.2844132952,0.099086398790624,5.083966367469738
PONEDERA,2022,31.194900512695312,24.06976127624512,91.96289825439452,576138.8706479906,0.099086398790624,5.083966367469738
PONEDERA,2023,32.07381057739258,24.637187957763672,91.1584930419922,404605.2818859032,0.099086398790624,5.083966367469738
PUERTO COLOMBIA,2017,29.94731330871582,25.25789451599121,87.18866729736328,356540.8429804077,1.902684311740348,1.652850517266362
PUERTO COLOMBIA,2018,29.66863250732422,25.13245391845703,87.10991668701172,270510.114852288,1.902684311740348,1.652850517266362
PUERTO COLOMBIA,2019,29.775678634643555,25.24420928955078,87.46696472167969,295433.5570295216,1.902684311740348,1.652850517266362
PUERTO COLOMBIA,2020,29.77984046936035,25.16513061523437,87.41748809814453,400126.4269212719,1.902684311740348,1.652850517266362
PUERTO COLOMBIA,2021,29.59476089477539,25.04023742675781,86.90325164794922,374000.7461156257,1.902684311740348,1.652850517266362
PUERTO COLOMBIA,2022,29.63327980041504,24.839757919311523,87.4440689086914,539119.4295429203,1.902684311740348,1.652850517266362
PUERTO COLOMBIA,2023,30.08409118652344,25.40889358520508,87.37997436523438,321774.9037373719,1.902684311740348,1.652850517266362
REPELÓN,2017,15.57221794128418,12.361727714538574,44.25275802612305,182379.74798240076,1.438214320297147,1.562069763225594
REPELÓN,2018,15.63215160369873,12.322629928588867,44.174598693847656,151961.03076348567,1.438214320297147,1.562069763225594
REPELÓN,2019,15.868289947509766,12.490708351135254,43.830074310302734,133156.602596959,1.438214320297147,1.562069763225594
REPELÓN,2020,15.644438743591309,12.40271282196045,43.87705993652344,156699.1473367224,1.438214320297147,1.562069763225594
REPELÓN,2021,15.4773530960083,12.275235176086426,44.0449333190918,174491.31047648925,1.438214320297147,1.562069763225594
REPELÓN,2022,15.336562156677246,12.18570613861084,44.51401901245117,219375.5180246536,1.438214320297147,1.562069763225594
REPELÓN,2023,15.859382629394531,12.462479591369627,44.09383392333984,153603.81339071548,1.438214320297147,1.562069763225594
SABANAGRANDE,2017,31.09603500366211,24.80615997314453,89.31038665771484,550048.4390133864,0.574154076286911,1.54405300391256
SABANAGRANDE,2018,31.01349830627441,24.73931312561035,89.15384674072266,469218.2784120514,0.574154076286911,1.54405300391256
SABANAGRANDE,2019,31.266157150268555,25.000059127807617,88.78585815429688,434414.4670962634,0.574154076286911,1.54405300391256
SABANAGRANDE,2020,30.962995529174805,24.81427764892578,88.92545318603516,546243.9351621221,0.574154076286911,1.54405300391256
SABANAGRANDE,2021,30.79433250427246,24.639163970947266,88.77489471435547,547501.4135851925,0.574154076286911,1.54405300391256
SABANAGRANDE,2022,30.763450622558597,24.442588806152344,89.87654876708984,689034.0819408143,0.574154076286911,1.54405300391256
SABANAGRANDE,2023,31.46807098388672,25.02777099609375,89.1137924194336,469017.0736795909,0.574154076286911,1.54405300391256
SABANALARGA,2017,30.95348358154297,24.19345092773437,90.61599731445312,442118.2689989021,0.705266525333551,8.32490008654472
SABANALARGA,2018,31.05596160888672,24.14867401123047,90.1188735961914,355285.0849317361,0.705266525333551,8.32490008654472
SABANALARGA,2019,31.42195701599121,24.401391983032227,89.59425354003906,324381.1071428207,0.705266525333551,8.32490008654472
SABANALARGA,2020,31.00436019897461,24.223953247070312,89.94178009033203,423450.8855935247,0.705266525333551,8.32490008654472
SABANALARGA,2021,30.710174560546875,24.03385162353516,89.98338317871094,430759.6272695636,0.705266525333551,8.32490008654472
SABANALARGA,2022,30.58648109436035,23.864856719970703,91.05322265625,568303.6927129307,0.705266525333551,8.32490008654472
SABANALARGA,2023,31.43272399902344,24.38555145263672,90.2286148071289,372214.75067557534,0.705266525333551,8.32490008654472
SANTA LUCÍA,2017,31.780393600463867,24.84630457560221,88.88163503011067,382624.9643928384,2.134185015397168,9.113102284704613
SANTA LUCÍA,2018,31.805594126383465,24.78107070922852,88.81549580891927,324284.055127379,2.134185015397168,9.113102284704613
SANTA LUCÍA,2019,32.106221516927086,25.06965065002441,88.30531819661458,292622.991647949,2.134185015397168,9.113102284704613
SANTA LUCÍA,2020,31.645545959472656,24.8614559173584,88.54160563151042,358812.5900210415,2.134185015397168,9.113102284704613
SANTA LUCÍA,2021,31.47076161702474,24.669289271036785,88.63787587483723,365353.6438119249,2.134185015397168,9.113102284704613
SANTA LUCÍA,2022,31.21526908874512,24.47289784749349,89.78248087565105,455079.451586547,2.134185015397168,9.113102284704613
SANTA LUCÍA,2023,32.27320098876953,25.050997416178387,88.5809326171875,329198.202321954,2.134185015397168,9.113102284704613
SANTO TOMÁS,2017,30.968159993489586,24.494722366333008,90.10630289713542,550048.4390133864,2.537834539424502,5.124024254807073
SANTO TOMÁS,2018,30.88600730895996,24.42803382873535,89.9574686686198,469218.2784120513,2.537834539424502,5.124024254807073
SANTO TOMÁS,2019,31.137488047281902,24.688162485758465,89.60757700602214,434414.46709626337,2.537834539424502,5.124024254807073
SANTO TOMÁS,2020,30.835818608601887,24.50280825297038,89.74022674560547,546243.9351621221,2.537834539424502,5.124024254807073
SANTO TOMÁS,2021,30.66786193847656,24.328123092651367,89.59716033935547,547501.4135851925,2.537834539424502,5.124024254807073
SANTO TOMÁS,2022,30.63712310791016,24.13201332092285,90.64460754394533,689034.0819408143,2.537834539424502,5.124024254807073
SANTO TOMÁS,2023,31.33846155802409,24.71581013997396,89.91937510172527,469017.0736795909,2.537834539424502,5.124024254807073
SOLEDAD,2017,30.87505149841309,24.834909439086918,88.73133087158203,356540.8429804077,2.112103133879049,1.787470321237574
SOLEDAD,2018,30.60390853881836,24.734071731567383,88.67057800292969,270510.114852288,2.112103133879049,1.787470321237574
SOLEDAD,2019,30.70805931091309,24.82390785217285,88.94598388671875,295433.5570295216,2.112103133879049,1.787470321237574
SOLEDAD,2020,30.71285629272461,24.759944915771484,88.9083023071289,400126.4269212719,2.112103133879049,1.787470321237574
SOLEDAD,2021,30.53203582763672,24.65993881225586,88.51116180419922,374000.7461156257,2.112103133879049,1.787470321237574
SOLEDAD,2022,30.569515228271484,24.498779296875,88.92833709716797,539119.4295429203,2.112103133879049,1.787470321237574
SOLEDAD,2023,31.00811767578125,24.95628929138184,88.87889862060547,321774.9037373719,2.112103133879049,1.787470321237574
SUAN,2017,31.806760787963867,24.78409767150879,89.6013412475586,391557.69860685687,0.096866397333771,15.05169670349008
SUAN,2018,31.78348159790039,24.729564666748047,89.58712005615234,334465.0519275829,0.096866397333771,15.05169670349008
SUAN,2019,31.988693237304688,24.975807189941406,89.21769714355469,305777.8848749644,0.096866397333771,15.05169670349008
SUAN,2020,31.535022735595703,24.764015197753903,89.50151824951172,381519.73769484,0.096866397333771,15.05169670349008
SUAN,2021,31.44579315185547,24.616010665893555,89.46827697753906,373539.155241398,0.096866397333771,15.05169670349008
SUAN,2022,31.21098518371582,24.422924041748047,90.60259246826172,463243.6593551668,0.096866397333771,15.05169670349008
SUAN,2023,32.24393844604492,24.977706909179688,89.33922576904297,340193.4900922155,0.096866397333771,15.05169670349008
TUBARÁ,2017,29.827037811279297,24.617919921875,89.37731170654297,219832.37257087068,2.257754046682011,5.215228565790677
TUBARÁ,2018,29.80306053161621,24.52410697937012,88.83016204833984,147985.44665997976,2.257754046682011,5.215228565790677
TUBARÁ,2019,30.001129150390625,24.625518798828125,88.9022445678711,154603.92412912357,2.257754046682011,5.215228565790677
TUBARÁ,2020,29.8512020111084,24.556325912475582,89.03457641601562,239054.1635835757,2.257754046682011,5.215228565790677
TUBARÁ,2021,29.594343185424805,24.40907859802246,88.85101318359375,224050.5869322607,2.257754046682011,5.215228565790677
TUBARÁ,2022,29.522958755493164,24.25986671447754,89.30464935302734,370542.3792909759,2.257754046682011,5.215228565790677
TUBARÁ,2023,30.10891532897949,24.73935317993164,89.13164520263672,202076.5811062349,2.257754046682011,5.215228565790677
USIACURÍ,2017,30.59638023376465,24.120227813720703,90.4489974975586,442118.2689989021,0.849955816326732,16.59706955994731
USIACURÍ,2018,30.69333839416504,24.07225227355957,89.88284810384114,355285.0849317361,0.849955816326732,16.59706955994731
USIACURÍ,2019,31.038258870442707,24.343926747639973,89.28534189860027,324381.1071428207,0.849955816326732,16.59706955994731
USIACURÍ,2020,30.64440027872721,24.153483708699543,89.68080139160156,423450.8855935247,0.849955816326732,16.59706955994731
USIACURÍ,2021,30.36741002400716,23.94867515563965,89.72848510742188,430759.6272695636,0.849955816326732,16.59706955994731
USIACURÍ,2022,30.25070317586263,23.7671750386556,90.94701639811198,568303.6927129307,0.849955816326732,16.59706955994731
USIACURÍ,2023,31.0479253133138,24.326558430989586,90.00780741373698,372214.75067557534,0.849955816326732,16.59706955994731
