municipio,año,numcasos,ciclo_vital_adolescencia,ciclo_vital_adulto,ciclo_vital_adulto_mayor,ciclo_vital_ancianidad,ciclo_vital_infancia,ciclo_vital_menor_de_1_año,ciclo_vital_primera_infancia,regimen_salud_contributivo,regimen_salud_especial,regimen_salud_excepción,regimen_salud_indeterminado,regimen_salud_no_asegurado,regimen_salud_subsidiado,evento_clasico,evento_grave,hospitalizado_no,hospitalizado_si,desenlace_fallecido,desenlace_vivo,sexo_femenino,sexo_masculino,subregion_centro,subregion_costera,subregion_metropolitana,subregion_oriental,subregion_sur,area_cabecera_municipal,area_centro_poblado,area_rural_disperso,tipo_caso_conf_por_laboratorio,tipo_caso_conf_por_nexo,tipo_caso_probable,periodo_1,periodo_2,periodo_3,periodo_4,periodo_5,periodo_6,periodo_7,periodo_8,periodo_9,periodo_10,periodo_11,periodo_12,periodo_13
BARANOA,2017,7,0.0,0.8571428571428571,0.0,0.0,0.0,0.0,0.14285714285714285,0.42857142857142855,0.0,0.0,0.0,0.0,0.5714285714285714,1.0,0.0,0.2857142857142857,0.7142857142857143,0.0,1.0,0.2857142857142857,0.7142857142857143,1.0,0.0,0.0,0.0,0.0,0.8571428571428571,0.14285714285714285,0.0,0.2857142857142857,0.0,0.7142857142857143,0.0,0.0,0.0,0.0,0.0,0.14285714285714285,0.2857142857142857,0.0,0.0,0.0,0.2857142857142857,0.14285714285714285,0.14285714285714285
BARANOA,2018,162,0.47530864197530864,0.1111111111111111,0.018518518518518517,0.0,0.2777777777777778,0.0,0.11728395061728394,0.3950617283950617,0.018518518518518517,0.0,0.0,0.012345679012345678,0.5740740740740741,0.9753086419753086,0.024691358024691357,0.2037037037037037,0.7962962962962963,0.006172839506172839,0.9938271604938271,0.5061728395061729,0.49382716049382713,1.0,0.0,0.0,0.0,0.0,0.9814814814814815,0.012345679012345678,0.006172839506172839,0.2777777777777778,0.006172839506172839,0.7160493827160493,0.0,0.006172839506172839,0.0,0.006172839506172839,0.006172839506172839,0.012345679012345678,0.018518518518518517,0.043209876543209874,0.06790123456790123,0.19753086419753085,0.14814814814814814,0.16049382716049382,0.3333333333333333
BARANOA,2019,395,0.5189873417721519,0.07848101265822785,0.015189873417721518,0.002531645569620253,0.2936708860759494,0.002531645569620253,0.08860759493670886,0.24050632911392406,0.010126582278481013,0.007594936708860759,0.002531645569620253,0.010126582278481013,0.7291139240506329,0.979746835443038,0.020253164556962026,0.04810126582278481,0.9518987341772152,0.0,1.0,0.4708860759493671,0.529113924050633,1.0,0.0,0.0,0.0,0.0,0.9493670886075949,0.05063291139240506,0.0,0.12658227848101267,0.0,0.8734177215189873,0.13924050632911392,0.0379746835443038,0.04810126582278481,0.005063291139240506,0.012658227848101266,0.007594936708860759,0.015189873417721518,0.0379746835443038,0.06835443037974684,0.10632911392405063,0.13670886075949368,0.16962025316455695,0.21518987341772153
BARANOA,2020,170,0.43529411764705883,0.1,0.01764705882352941,0.0058823529411764705,0.3411764705882353,0.0058823529411764705,0.09411764705882353,0.23529411764705882,0.0,0.011764705882352941,0.0,0.058823529411764705,0.6941176470588235,0.9823529411764705,0.01764705882352941,0.3,0.7,0.0,1.0,0.5764705882352941,0.4235294117647059,1.0,0.0,0.0,0.0,0.0,0.7823529411764706,0.16470588235294117,0.052941176470588235,0.07058823529411765,0.0058823529411764705,0.9235294117647059,0.3941176470588235,0.18235294117647058,0.047058823529411764,0.023529411764705882,0.0,0.0058823529411764705,0.0,0.041176470588235294,0.07058823529411765,0.041176470588235294,0.052941176470588235,0.06470588235294118,0.07647058823529412
BARANOA,2021,109,0.5504587155963303,0.07339449541284404,0.01834862385321101,0.009174311926605505,0.28440366972477066,0.0,0.06422018348623854,0.27522935779816515,0.0,0.027522935779816515,0.009174311926605505,0.009174311926605505,0.6788990825688074,0.9724770642201835,0.027522935779816515,0.22018348623853212,0.7798165137614679,0.0,1.0,0.5137614678899083,0.48623853211009177,1.0,0.0,0.0,0.0,0.0,0.944954128440367,0.03669724770642202,0.01834862385321101,0.1834862385321101,0.0,0.8165137614678899,0.03669724770642202,0.009174311926605505,0.0,0.009174311926605505,0.0,0.0,0.009174311926605505,0.01834862385321101,0.08256880733944955,0.22018348623853212,0.1651376146788991,0.26605504587155965,0.1834862385321101
BARANOA,2022,96,0.3854166666666667,0.23958333333333334,0.0625,0.0,0.22916666666666666,0.0,0.08333333333333333,0.3333333333333333,0.0,0.041666666666666664,0.0,0.020833333333333332,0.6041666666666666,0.9895833333333334,0.010416666666666666,0.1875,0.8125,0.0,1.0,0.3541666666666667,0.6458333333333334,1.0,0.0,0.0,0.0,0.0,0.7395833333333334,0.14583333333333334,0.11458333333333333,0.1875,0.0,0.8125,0.0625,0.010416666666666666,0.010416666666666666,0.0,0.010416666666666666,0.052083333333333336,0.041666666666666664,0.15625,0.125,0.11458333333333333,0.1875,0.15625,0.07291666666666667
BARANOA,2023,89,0.4943820224719101,0.21348314606741572,0.0449438202247191,0.011235955056179775,0.16853932584269662,0.011235955056179775,0.056179775280898875,0.29213483146067415,0.033707865168539325,0.011235955056179775,0.0,0.0,0.6629213483146067,0.9887640449438202,0.011235955056179775,0.2808988764044944,0.7191011235955056,0.0,1.0,0.5168539325842697,0.48314606741573035,1.0,0.0,0.0,0.0,0.0,0.9775280898876404,0.02247191011235955,0.0,0.2696629213483146,0.0,0.7303370786516854,0.1348314606741573,0.033707865168539325,0.02247191011235955,0.033707865168539325,0.02247191011235955,0.033707865168539325,0.02247191011235955,0.12359550561797752,0.06741573033707865,0.1348314606741573,0.0449438202247191,0.16853932584269662,0.15730337078651685
CAMPO DE LA CRUZ,2017,4,0.0,0.25,0.0,0.0,0.25,0.0,0.5,0.0,0.0,0.0,0.0,0.0,1.0,1.0,0.0,0.75,0.25,0.0,1.0,0.75,0.25,0.0,0.0,0.0,0.0,1.0,1.0,0.0,0.0,0.0,0.0,1.0,0.0,0.0,0.0,0.25,0.0,0.25,0.0,0.25,0.25,0.0,0.0,0.0,0.0
CAMPO DE LA CRUZ,2019,30,0.5333333333333333,0.16666666666666666,0.0,0.0,0.06666666666666667,0.03333333333333333,0.2,0.1,0.0,0.0,0.0,0.03333333333333333,0.8666666666666667,0.9666666666666667,0.03333333333333333,0.3,0.7,0.0,1.0,0.43333333333333335,0.5666666666666667,0.0,0.0,0.0,0.0,1.0,1.0,0.0,0.0,0.26666666666666666,0.0,0.7333333333333333,0.0,0.0,0.0,0.0,0.03333333333333333,0.0,0.23333333333333334,0.13333333333333333,0.13333333333333333,0.06666666666666667,0.06666666666666667,0.06666666666666667,0.26666666666666666
CAMPO DE LA CRUZ,2020,6,0.3333333333333333,0.16666666666666666,0.0,0.0,0.16666666666666666,0.16666666666666666,0.16666666666666666,0.16666666666666666,0.0,0.0,0.0,0.0,0.8333333333333334,1.0,0.0,0.5,0.5,0.0,1.0,0.3333333333333333,0.6666666666666666,0.0,0.0,0.0,0.0,1.0,1.0,0.0,0.0,0.0,0.0,1.0,0.6666666666666666,0.0,0.16666666666666666,0.0,0.0,0.0,0.0,0.16666666666666666,0.0,0.0,0.0,0.0,0.0
CAMPO DE LA CRUZ,2021,15,0.13333333333333333,0.3333333333333333,0.13333333333333333,0.0,0.13333333333333333,0.0,0.26666666666666666,0.2,0.0,0.0,0.0,0.0,0.8,0.8,0.2,0.5333333333333333,0.4666666666666667,0.0,1.0,0.5333333333333333,0.4666666666666667,0.0,0.0,0.0,0.0,1.0,1.0,0.0,0.0,0.5333333333333333,0.0,0.4666666666666667,0.0,0.0,0.0,0.0,0.0,0.0,0.06666666666666667,0.06666666666666667,0.0,0.13333333333333333,0.06666666666666667,0.2,0.4666666666666667
CAMPO DE LA CRUZ,2022,79,0.34177215189873417,0.1518987341772152,0.02531645569620253,0.0,0.34177215189873417,0.012658227848101266,0.12658227848101267,0.0379746835443038,0.0,0.0,0.0759493670886076,0.02531645569620253,0.8607594936708861,0.9620253164556962,0.0379746835443038,0.5189873417721519,0.4810126582278481,0.0,1.0,0.4810126582278481,0.5189873417721519,0.0,0.0,0.0,0.0,1.0,0.9113924050632911,0.06329113924050633,0.02531645569620253,0.6582278481012658,0.0,0.34177215189873417,0.02531645569620253,0.21518987341772153,0.06329113924050633,0.06329113924050633,0.0379746835443038,0.13924050632911392,0.16455696202531644,0.12658227848101267,0.0759493670886076,0.0379746835443038,0.02531645569620253,0.02531645569620253,0.0
CAMPO DE LA CRUZ,2023,17,0.23529411764705882,0.23529411764705882,0.0,0.0,0.29411764705882354,0.058823529411764705,0.17647058823529413,0.058823529411764705,0.0,0.058823529411764705,0.058823529411764705,0.0,0.8235294117647058,1.0,0.0,0.8235294117647058,0.17647058823529413,0.0,1.0,0.5294117647058824,0.47058823529411764,0.0,0.0,0.0,0.0,1.0,1.0,0.0,0.0,0.8235294117647058,0.0,0.17647058823529413,0.0,0.0,0.058823529411764705,0.0,0.058823529411764705,0.058823529411764705,0.35294117647058826,0.23529411764705882,0.058823529411764705,0.11764705882352941,0.0,0.0,0.058823529411764705
CANDELARIA,2017,3,0.3333333333333333,0.3333333333333333,0.3333333333333333,0.0,0.0,0.0,0.0,0.3333333333333333,0.0,0.0,0.0,0.0,0.6666666666666666,1.0,0.0,0.3333333333333333,0.6666666666666666,0.0,1.0,0.3333333333333333,0.6666666666666666,0.0,0.0,0.0,0.0,1.0,1.0,0.0,0.0,0.0,0.0,1.0,0.0,0.0,0.0,0.0,0.0,0.0,0.0,0.3333333333333333,0.3333333333333333,0.3333333333333333,0.0,0.0,0.0
CANDELARIA,2018,1,1.0,0.0,0.0,0.0,0.0,0.0,0.0,0.0,0.0,0.0,0.0,0.0,1.0,1.0,0.0,0.0,1.0,0.0,1.0,0.0,1.0,0.0,0.0,0.0,0.0,1.0,1.0,0.0,0.0,0.0,0.0,1.0,0.0,0.0,0.0,0.0,0.0,0.0,0.0,0.0,0.0,0.0,1.0,0.0,0.0
CANDELARIA,2019,28,0.35714285714285715,0.10714285714285714,0.0,0.0,0.4642857142857143,0.0,0.07142857142857142,0.25,0.0,0.0,0.03571428571428571,0.03571428571428571,0.6785714285714286,1.0,0.0,0.32142857142857145,0.6785714285714286,0.0,1.0,0.5,0.5,0.0,0.0,0.0,0.0,1.0,0.9642857142857143,0.03571428571428571,0.0,0.14285714285714285,0.0,0.8571428571428571,0.0,0.0,0.0,0.0,0.03571428571428571,0.03571428571428571,0.10714285714285714,0.10714285714285714,0.10714285714285714,0.10714285714285714,0.2857142857142857,0.07142857142857142,0.14285714285714285
CANDELARIA,2020,2,1.0,0.0,0.0,0.0,0.0,0.0,0.0,0.5,0.0,0.0,0.0,0.0,0.5,1.0,0.0,1.0,0.0,0.0,1.0,1.0,0.0,0.0,0.0,0.0,0.0,1.0,1.0,0.0,0.0,0.0,0.0,1.0,1.0,0.0,0.0,0.0,0.0,0.0,0.0,0.0,0.0,0.0,0.0,0.0,0.0
CANDELARIA,2021,1,0.0,0.0,0.0,0.0,0.0,0.0,1.0,0.0,0.0,0.0,0.0,0.0,1.0,1.0,0.0,1.0,0.0,0.0,1.0,0.0,1.0,0.0,0.0,0.0,0.0,1.0,1.0,0.0,0.0,0.0,0.0,1.0,0.0,0.0,0.0,0.0,0.0,0.0,0.0,0.0,0.0,1.0,0.0,0.0,0.0
CANDELARIA,2022,13,0.5384615384615384,0.0,0.07692307692307693,0.0,0.0,0.0,0.38461538461538464,0.15384615384615385,0.0,0.0,0.0,0.0,0.8461538461538461,0.8461538461538461,0.15384615384615385,0.6923076923076923,0.3076923076923077,0.0,1.0,0.6153846153846154,0.38461538461538464,0.0,0.0,0.0,0.0,1.0,1.0,0.0,0.0,0.5384615384615384,0.0,0.46153846153846156,0.0,0.0,0.0,0.0,0.07692307692307693,0.15384615384615385,0.15384615384615385,0.23076923076923078,0.15384615384615385,0.0,0.15384615384615385,0.07692307692307693,0.0
CANDELARIA,2023,7,0.5714285714285714,0.2857142857142857,0.0,0.0,0.14285714285714285,0.0,0.0,0.42857142857142855,0.0,0.0,0.0,0.0,0.5714285714285714,0.8571428571428571,0.14285714285714285,0.2857142857142857,0.7142857142857143,0.0,1.0,0.42857142857142855,0.5714285714285714,0.0,0.0,0.0,0.0,1.0,0.5714285714285714,0.42857142857142855,0.0,0.42857142857142855,0.0,0.5714285714285714,0.0,0.2857142857142857,0.0,0.0,0.0,0.0,0.0,0.0,0.5714285714285714,0.0,0.0,0.0,0.14285714285714285
GALAPA,2017,39,0.20512820512820512,0.48717948717948717,0.07692307692307693,0.02564102564102564,0.10256410256410256,0.0,0.10256410256410256,0.15384615384615385,0.0,0.0,0.0,0.05128205128205128,0.7948717948717948,0.9743589743589743,0.02564102564102564,0.9487179487179487,0.05128205128205128,0.0,1.0,0.41025641025641024,0.5897435897435898,0.0,0.0,1.0,0.0,0.0,0.9743589743589743,0.02564102564102564,0.0,0.02564102564102564,0.0,0.9743589743589743,0.0,0.05128205128205128,0.05128205128205128,0.02564102564102564,0.05128205128205128,0.07692307692307693,0.02564102564102564,0.0,0.05128205128205128,0.15384615384615385,0.28205128205128205,0.05128205128205128,0.1794871794871795
GALAPA,2018,136,0.4852941176470588,0.16911764705882354,0.022058823529411766,0.0,0.17647058823529413,0.007352941176470588,0.13970588235294118,0.29411764705882354,0.0,0.0,0.007352941176470588,0.022058823529411766,0.6764705882352942,0.9852941176470589,0.014705882352941176,0.40441176470588236,0.5955882352941176,0.0,1.0,0.45588235294117646,0.5441176470588235,0.0,0.0,1.0,0.0,0.0,1.0,0.0,0.0,0.3014705882352941,0.0,0.6985294117647058,0.007352941176470588,0.007352941176470588,0.0,0.014705882352941176,0.022058823529411766,0.007352941176470588,0.029411764705882353,0.04411764705882353,0.022058823529411766,0.17647058823529413,0.13970588235294118,0.18382352941176472,0.34558823529411764
GALAPA,2019,62,0.532258064516129,0.12903225806451613,0.0,0.0,0.20967741935483872,0.0,0.12903225806451613,0.25806451612903225,0.0,0.0,0.0,0.016129032258064516,0.7258064516129032,0.9838709677419355,0.016129032258064516,0.3548387096774194,0.6451612903225806,0.016129032258064516,0.9838709677419355,0.43548387096774194,0.5645161290322581,0.0,0.0,1.0,0.0,0.0,0.967741935483871,0.03225806451612903,0.0,0.3709677419354839,0.0,0.6290322580645161,0.3870967741935484,0.12903225806451613,0.016129032258064516,0.04838709677419355,0.0,0.016129032258064516,0.04838709677419355,0.04838709677419355,0.03225806451612903,0.04838709677419355,0.03225806451612903,0.03225806451612903,0.16129032258064516
GALAPA,2020,35,0.5428571428571428,0.11428571428571428,0.02857142857142857,0.0,0.22857142857142856,0.0,0.08571428571428572,0.5428571428571428,0.0,0.02857142857142857,0.0,0.0,0.42857142857142855,1.0,0.0,0.4857142857142857,0.5142857142857142,0.0,1.0,0.5142857142857142,0.4857142857142857,0.0,0.0,1.0,0.0,0.0,1.0,0.0,0.0,0.3142857142857143,0.0,0.6857142857142857,0.6571428571428571,0.11428571428571428,0.05714285714285714,0.02857142857142857,0.0,0.05714285714285714,0.0,0.0,0.0,0.0,0.0,0.02857142857142857,0.05714285714285714
GALAPA,2021,166,0.4397590361445783,0.27710843373493976,0.018072289156626505,0.0,0.21686746987951808,0.0,0.04819277108433735,0.43373493975903615,0.0,0.006024096385542169,0.0,0.03614457831325301,0.5240963855421686,0.963855421686747,0.03614457831325301,0.46987951807228917,0.5301204819277109,0.0,1.0,0.4759036144578313,0.5240963855421686,0.0,0.0,1.0,0.0,0.0,0.9578313253012049,0.04216867469879518,0.0,0.18674698795180722,0.0,0.8132530120481928,0.04216867469879518,0.018072289156626505,0.0,0.0,0.0,0.006024096385542169,0.0,0.006024096385542169,0.03614457831325301,0.1746987951807229,0.1686746987951807,0.29518072289156627,0.25301204819277107
GALAPA,2022,362,0.5082872928176796,0.26243093922651933,0.013812154696132596,0.0,0.16574585635359115,0.0055248618784530384,0.04419889502762431,0.4005524861878453,0.0,0.019337016574585635,0.0,0.008287292817679558,0.5718232044198895,0.9447513812154696,0.055248618784530384,0.4447513812154696,0.5552486187845304,0.0,1.0,0.4696132596685083,0.5303867403314917,0.0,0.0,1.0,0.0,0.0,0.9972375690607734,0.0027624309392265192,0.0,0.292817679558011,0.0027624309392265192,0.7044198895027625,0.058011049723756904,0.03591160220994475,0.013812154696132596,0.013812154696132596,0.0055248618784530384,0.03038674033149171,0.024861878453038673,0.10497237569060773,0.10773480662983426,0.10773480662983426,0.1878453038674033,0.16298342541436464,0.1464088397790055
GALAPA,2023,76,0.40789473684210525,0.27631578947368424,0.05263157894736842,0.0,0.2236842105263158,0.0,0.039473684210526314,0.2894736842105263,0.013157894736842105,0.013157894736842105,0.0,0.02631578947368421,0.6578947368421053,0.9868421052631579,0.013157894736842105,0.4868421052631579,0.5131578947368421,0.0,1.0,0.42105263157894735,0.5789473684210527,0.0,0.0,1.0,0.0,0.0,0.9868421052631579,0.013157894736842105,0.0,0.34210526315789475,0.0,0.6578947368421053,0.4605263157894737,0.17105263157894737,0.013157894736842105,0.02631578947368421,0.02631578947368421,0.013157894736842105,0.039473684210526314,0.11842105263157894,0.05263157894736842,0.013157894736842105,0.02631578947368421,0.02631578947368421,0.013157894736842105
JUAN DE ACOSTA,2017,3,0.0,0.6666666666666666,0.0,0.0,0.0,0.3333333333333333,0.0,0.3333333333333333,0.0,0.0,0.0,0.3333333333333333,0.3333333333333333,1.0,0.0,0.3333333333333333,0.6666666666666666,0.0,1.0,0.3333333333333333,0.6666666666666666,0.0,1.0,0.0,0.0,0.0,0.3333333333333333,0.3333333333333333,0.3333333333333333,0.0,0.0,1.0,0.0,0.0,0.0,0.0,0.0,0.0,0.3333333333333333,0.0,0.0,0.0,0.0,0.0,0.6666666666666666
JUAN DE ACOSTA,2018,49,0.3469387755102041,0.12244897959183673,0.0,0.0,0.2857142857142857,0.0,0.24489795918367346,0.22448979591836735,0.0,0.0,0.0,0.061224489795918366,0.7142857142857143,1.0,0.0,0.3673469387755102,0.6326530612244898,0.0,1.0,0.4897959183673469,0.5102040816326531,0.0,1.0,0.0,0.0,0.0,0.8163265306122449,0.14285714285714285,0.04081632653061224,0.2857142857142857,0.0,0.7142857142857143,0.02040816326530612,0.0,0.0,0.02040816326530612,0.10204081632653061,0.061224489795918366,0.04081632653061224,0.08163265306122448,0.14285714285714285,0.12244897959183673,0.08163265306122448,0.10204081632653061,0.22448979591836735
JUAN DE ACOSTA,2019,34,0.38235294117647056,0.20588235294117646,0.0,0.0,0.29411764705882354,0.0,0.11764705882352941,0.23529411764705882,0.0,0.0,0.0,0.029411764705882353,0.7352941176470589,1.0,0.0,0.35294117647058826,0.6470588235294118,0.0,1.0,0.5588235294117647,0.4411764705882353,0.0,1.0,0.0,0.0,0.0,0.8235294117647058,0.11764705882352941,0.058823529411764705,0.4411764705882353,0.029411764705882353,0.5294117647058824,0.20588235294117646,0.0,0.11764705882352941,0.029411764705882353,0.029411764705882353,0.0,0.08823529411764706,0.11764705882352941,0.08823529411764706,0.029411764705882353,0.058823529411764705,0.17647058823529413,0.058823529411764705
JUAN DE ACOSTA,2020,9,0.0,0.4444444444444444,0.0,0.0,0.3333333333333333,0.0,0.2222222222222222,0.5555555555555556,0.0,0.0,0.0,0.1111111111111111,0.3333333333333333,1.0,0.0,0.2222222222222222,0.7777777777777778,0.0,1.0,0.6666666666666666,0.3333333333333333,0.0,1.0,0.0,0.0,0.0,0.7777777777777778,0.1111111111111111,0.1111111111111111,0.0,0.0,1.0,0.2222222222222222,0.0,0.3333333333333333,0.0,0.0,0.0,0.0,0.0,0.0,0.1111111111111111,0.0,0.1111111111111111,0.2222222222222222
JUAN DE ACOSTA,2021,27,0.4444444444444444,0.18518518518518517,0.0,0.0,0.18518518518518517,0.037037037037037035,0.14814814814814814,0.2222222222222222,0.0,0.0,0.0,0.1111111111111111,0.6666666666666666,1.0,0.0,0.37037037037037035,0.6296296296296297,0.0,1.0,0.5925925925925926,0.4074074074074074,0.0,1.0,0.0,0.0,0.0,0.8148148148148148,0.14814814814814814,0.037037037037037035,0.25925925925925924,0.0,0.7407407407407407,0.1111111111111111,0.037037037037037035,0.0,0.0,0.0,0.1111111111111111,0.0,0.037037037037037035,0.14814814814814814,0.037037037037037035,0.07407407407407407,0.3333333333333333,0.1111111111111111
JUAN DE ACOSTA,2022,99,0.5555555555555556,0.1414141414141414,0.020202020202020204,0.0,0.1919191919191919,0.0,0.09090909090909091,0.21212121212121213,0.0,0.020202020202020204,0.010101010101010102,0.06060606060606061,0.696969696969697,0.9494949494949495,0.050505050505050504,0.2222222222222222,0.7777777777777778,0.0,1.0,0.46464646464646464,0.5353535353535354,0.0,1.0,0.0,0.0,0.0,0.9393939393939394,0.06060606060606061,0.0,0.21212121212121213,0.0,0.7878787878787878,0.08080808080808081,0.030303030303030304,0.010101010101010102,0.0,0.010101010101010102,0.020202020202020204,0.15151515151515152,0.050505050505050504,0.030303030303030304,0.0707070707070707,0.1919191919191919,0.1414141414141414,0.21212121212121213
JUAN DE ACOSTA,2023,31,0.5161290322580645,0.25806451612903225,0.03225806451612903,0.0,0.1935483870967742,0.0,0.0,0.2903225806451613,0.0,0.0,0.0,0.0,0.7096774193548387,0.967741935483871,0.03225806451612903,0.25806451612903225,0.7419354838709677,0.0,1.0,0.4838709677419355,0.5161290322580645,0.0,1.0,0.0,0.0,0.0,0.8387096774193549,0.16129032258064516,0.0,0.1935483870967742,0.0,0.8064516129032258,0.25806451612903225,0.25806451612903225,0.16129032258064516,0.0,0.03225806451612903,0.06451612903225806,0.06451612903225806,0.0967741935483871,0.03225806451612903,0.0,0.0,0.0,0.03225806451612903
LURUACO,2017,13,0.07692307692307693,0.5384615384615384,0.23076923076923078,0.07692307692307693,0.0,0.0,0.07692307692307693,0.07692307692307693,0.0,0.0,0.0,0.07692307692307693,0.8461538461538461,1.0,0.0,0.7692307692307693,0.23076923076923078,0.0,1.0,0.38461538461538464,0.6153846153846154,1.0,0.0,0.0,0.0,0.0,0.6923076923076923,0.23076923076923078,0.07692307692307693,0.0,0.0,1.0,0.15384615384615385,0.0,0.0,0.15384615384615385,0.15384615384615385,0.15384615384615385,0.23076923076923078,0.0,0.0,0.15384615384615385,0.0,0.0,0.0
LURUACO,2018,5,0.4,0.2,0.0,0.0,0.0,0.0,0.4,0.4,0.0,0.0,0.0,0.0,0.6,1.0,0.0,0.2,0.8,0.0,1.0,0.6,0.4,1.0,0.0,0.0,0.0,0.0,1.0,0.0,0.0,0.2,0.0,0.8,0.0,0.0,0.0,0.0,0.0,0.0,0.0,0.0,0.4,0.0,0.0,0.0,0.6
LURUACO,2019,49,0.2653061224489796,0.04081632653061224,0.02040816326530612,0.0,0.42857142857142855,0.0,0.24489795918367346,0.1836734693877551,0.0,0.0,0.0,0.02040816326530612,0.7959183673469388,0.9591836734693877,0.04081632653061224,0.14285714285714285,0.8571428571428571,0.0,1.0,0.4897959183673469,0.5102040816326531,1.0,0.0,0.0,0.0,0.0,0.6938775510204082,0.30612244897959184,0.0,0.12244897959183673,0.0,0.8775510204081632,0.0,0.02040816326530612,0.0,0.02040816326530612,0.02040816326530612,0.0,0.02040816326530612,0.02040816326530612,0.02040816326530612,0.061224489795918366,0.22448979591836735,0.2857142857142857,0.30612244897959184
LURUACO,2020,31,0.6129032258064516,0.03225806451612903,0.0,0.0,0.1935483870967742,0.03225806451612903,0.12903225806451613,0.16129032258064516,0.0,0.03225806451612903,0.0,0.0,0.8064516129032258,1.0,0.0,0.22580645161290322,0.7741935483870968,0.0,1.0,0.6129032258064516,0.3870967741935484,1.0,0.0,0.0,0.0,0.0,0.7741935483870968,0.22580645161290322,0.0,0.12903225806451613,0.0,0.8709677419354839,0.6129032258064516,0.22580645161290322,0.06451612903225806,0.03225806451612903,0.0,0.0,0.0,0.0,0.0,0.0,0.03225806451612903,0.0,0.03225806451612903
LURUACO,2021,168,0.5357142857142857,0.07142857142857142,0.005952380952380952,0.0,0.2916666666666667,0.005952380952380952,0.08928571428571429,0.03571428571428571,0.0,0.03571428571428571,0.0,0.02976190476190476,0.8988095238095238,0.9880952380952381,0.011904761904761904,0.16071428571428573,0.8392857142857143,0.0,1.0,0.5059523809523809,0.49404761904761907,1.0,0.0,0.0,0.0,0.0,0.9523809523809523,0.047619047619047616,0.0,0.047619047619047616,0.0,0.9523809523809523,0.011904761904761904,0.0,0.005952380952380952,0.0,0.005952380952380952,0.0,0.03571428571428571,0.06547619047619048,0.375,0.31547619047619047,0.16071428571428573,0.011904761904761904,0.011904761904761904
LURUACO,2022,12,0.25,0.08333333333333333,0.08333333333333333,0.0,0.5,0.0,0.08333333333333333,0.08333333333333333,0.0,0.0,0.0,0.0,0.9166666666666666,0.8333333333333334,0.16666666666666666,0.16666666666666666,0.8333333333333334,0.0,1.0,0.5,0.5,1.0,0.0,0.0,0.0,0.0,0.8333333333333334,0.16666666666666666,0.0,0.16666666666666666,0.0,0.8333333333333334,0.25,0.08333333333333333,0.08333333333333333,0.0,0.0,0.0,0.16666666666666666,0.0,0.0,0.08333333333333333,0.16666666666666666,0.16666666666666666,0.0
LURUACO,2023,6,0.3333333333333333,0.16666666666666666,0.0,0.0,0.16666666666666666,0.0,0.3333333333333333,0.3333333333333333,0.0,0.0,0.0,0.0,0.6666666666666666,1.0,0.0,0.16666666666666666,0.8333333333333334,0.0,1.0,0.6666666666666666,0.3333333333333333,1.0,0.0,0.0,0.0,0.0,0.5,0.5,0.0,0.3333333333333333,0.0,0.6666666666666666,0.0,0.16666666666666666,0.16666666666666666,0.0,0.0,0.16666666666666666,0.0,0.0,0.0,0.16666666666666666,0.16666666666666666,0.16666666666666666,0.0
MALAMBO,2017,22,0.22727272727272727,0.5,0.0,0.0,0.13636363636363635,0.0,0.13636363636363635,0.3181818181818182,0.0,0.045454545454545456,0.0,0.045454545454545456,0.5909090909090909,1.0,0.0,0.5909090909090909,0.4090909090909091,0.0,1.0,0.5454545454545454,0.45454545454545453,0.0,0.0,1.0,0.0,0.0,1.0,0.0,0.0,0.13636363636363635,0.0,0.8636363636363636,0.0,0.0,0.045454545454545456,0.0,0.045454545454545456,0.13636363636363635,0.0,0.045454545454545456,0.18181818181818182,0.0,0.0,0.2727272727272727,0.2727272727272727
MALAMBO,2018,157,0.3375796178343949,0.21019108280254778,0.03184713375796178,0.0,0.25477707006369427,0.0,0.16560509554140126,0.3885350318471338,0.0,0.006369426751592357,0.0,0.044585987261146494,0.5605095541401274,0.9808917197452229,0.01910828025477707,0.37579617834394907,0.6242038216560509,0.0,1.0,0.5095541401273885,0.49044585987261147,0.0,0.0,1.0,0.0,0.0,1.0,0.0,0.0,0.29936305732484075,0.006369426751592357,0.6942675159235668,0.03184713375796178,0.044585987261146494,0.01910828025477707,0.03821656050955414,0.050955414012738856,0.08917197452229299,0.1464968152866242,0.10828025477707007,0.08917197452229299,0.07006369426751592,0.07643312101910828,0.12101910828025478,0.11464968152866242
MALAMBO,2019,164,0.43902439024390244,0.13414634146341464,0.012195121951219513,0.0,0.3170731707317073,0.006097560975609756,0.09146341463414634,0.4268292682926829,0.012195121951219513,0.024390243902439025,0.0,0.024390243902439025,0.5121951219512195,0.9695121951219512,0.03048780487804878,0.32926829268292684,0.6707317073170732,0.0,1.0,0.5609756097560976,0.43902439024390244,0.0,0.0,1.0,0.0,0.0,0.9817073170731707,0.012195121951219513,0.006097560975609756,0.24390243902439024,0.0,0.7560975609756098,0.12195121951219512,0.0975609756097561,0.06097560975609756,0.07317073170731707,0.042682926829268296,0.024390243902439025,0.042682926829268296,0.024390243902439025,0.03048780487804878,0.024390243902439025,0.09146341463414634,0.16463414634146342,0.20121951219512196
MALAMBO,2020,221,0.5158371040723982,0.16289592760180996,0.013574660633484163,0.0,0.2171945701357466,0.00904977375565611,0.08144796380090498,0.4660633484162896,0.0,0.03619909502262444,0.00904977375565611,0.03167420814479638,0.45701357466063347,0.9773755656108597,0.02262443438914027,0.25339366515837103,0.746606334841629,0.0,1.0,0.45701357466063347,0.5429864253393665,0.0,0.0,1.0,0.0,0.0,0.9773755656108597,0.00904977375565611,0.013574660633484163,0.18099547511312217,0.0,0.8190045248868778,0.19909502262443438,0.1493212669683258,0.12669683257918551,0.06334841628959276,0.03619909502262444,0.01809954751131222,0.00904977375565611,0.00904977375565611,0.03167420814479638,0.09502262443438914,0.058823529411764705,0.07239819004524888,0.13122171945701358
MALAMBO,2021,730,0.42876712328767125,0.09315068493150686,0.0027397260273972603,0.0,0.3410958904109589,0.00684931506849315,0.1273972602739726,0.3273972602739726,0.0,0.038356164383561646,0.0013698630136986301,0.04657534246575343,0.5863013698630137,0.9821917808219178,0.01780821917808219,0.2328767123287671,0.7671232876712328,0.0,1.0,0.4876712328767123,0.5123287671232877,0.0,0.0,1.0,0.0,0.0,0.9821917808219178,0.01643835616438356,0.0013698630136986301,0.17123287671232876,0.0,0.8287671232876712,0.028767123287671233,0.030136986301369864,0.03972602739726028,0.021917808219178082,0.012328767123287671,0.0136986301369863,0.036986301369863014,0.09863013698630137,0.16712328767123288,0.1863013698630137,0.16712328767123288,0.12876712328767123,0.0684931506849315
MALAMBO,2022,245,0.4326530612244898,0.2,0.004081632653061225,0.004081632653061225,0.2530612244897959,0.00816326530612245,0.09795918367346938,0.40816326530612246,0.0,0.07346938775510205,0.00816326530612245,0.00816326530612245,0.5020408163265306,0.9428571428571428,0.05714285714285714,0.2897959183673469,0.710204081632653,0.0,1.0,0.49387755102040815,0.5061224489795918,0.0,0.0,1.0,0.0,0.0,0.9673469387755103,0.0326530612244898,0.0,0.40816326530612246,0.00816326530612245,0.5836734693877551,0.07755102040816327,0.044897959183673466,0.044897959183673466,0.02857142857142857,0.0326530612244898,0.04081632653061224,0.04081632653061224,0.053061224489795916,0.05714285714285714,0.09387755102040816,0.1673469387755102,0.13877551020408163,0.17959183673469387
MALAMBO,2023,158,0.4050632911392405,0.2468354430379747,0.02531645569620253,0.0,0.25949367088607594,0.012658227848101266,0.05063291139240506,0.26582278481012656,0.006329113924050633,0.03164556962025317,0.0,0.06962025316455696,0.6265822784810127,1.0,0.0,0.35443037974683544,0.6455696202531646,0.0,1.0,0.4430379746835443,0.5569620253164557,0.0,0.0,1.0,0.0,0.0,0.9683544303797469,0.02531645569620253,0.006329113924050633,0.43670886075949367,0.0,0.5632911392405063,0.17721518987341772,0.15822784810126583,0.1518987341772152,0.06329113924050633,0.03164556962025317,0.02531645569620253,0.05063291139240506,0.06329113924050633,0.08860759493670886,0.0759493670886076,0.0379746835443038,0.0379746835443038,0.0379746835443038
MANATÍ,2017,4,0.25,0.75,0.0,0.0,0.0,0.0,0.0,0.25,0.0,0.0,0.0,0.25,0.5,1.0,0.0,0.5,0.5,0.0,1.0,0.75,0.25,0.0,0.0,0.0,0.0,1.0,1.0,0.0,0.0,0.0,0.0,1.0,0.0,0.0,0.0,0.0,0.0,0.0,0.0,0.0,0.0,0.25,0.0,0.5,0.25
MANATÍ,2018,4,0.0,0.0,0.0,0.0,0.0,0.0,1.0,0.25,0.0,0.0,0.0,0.5,0.25,1.0,0.0,0.0,1.0,0.0,1.0,1.0,0.0,0.0,0.0,0.0,0.0,1.0,1.0,0.0,0.0,0.0,0.0,1.0,0.5,0.0,0.0,0.0,0.0,0.0,0.0,0.0,0.0,0.0,0.5,0.0,0.0
MANATÍ,2019,49,0.46938775510204084,0.14285714285714285,0.0,0.0,0.14285714285714285,0.02040816326530612,0.22448979591836735,0.08163265306122448,0.0,0.0,0.0,0.04081632653061224,0.8775510204081632,0.9795918367346939,0.02040816326530612,0.32653061224489793,0.673469387755102,0.0,1.0,0.3673469387755102,0.6326530612244898,0.0,0.0,0.0,0.0,1.0,0.9183673469387755,0.08163265306122448,0.0,0.04081632653061224,0.0,0.9591836734693877,0.0,0.0,0.04081632653061224,0.0,0.08163265306122448,0.0,0.20408163265306123,0.20408163265306123,0.14285714285714285,0.061224489795918366,0.08163265306122448,0.16326530612244897,0.02040816326530612
MANATÍ,2020,6,0.16666666666666666,0.3333333333333333,0.0,0.0,0.0,0.0,0.5,0.0,0.0,0.0,0.0,0.0,1.0,1.0,0.0,0.6666666666666666,0.3333333333333333,0.0,1.0,0.5,0.5,0.0,0.0,0.0,0.0,1.0,1.0,0.0,0.0,0.0,0.0,1.0,0.0,0.0,0.0,0.0,0.16666666666666666,0.0,0.0,0.16666666666666666,0.16666666666666666,0.16666666666666666,0.16666666666666666,0.16666666666666666,0.0
MANATÍ,2021,48,0.4791666666666667,0.10416666666666667,0.0,0.0,0.2708333333333333,0.0,0.14583333333333334,0.041666666666666664,0.0,0.0,0.0,0.041666666666666664,0.9166666666666666,1.0,0.0,0.3125,0.6875,0.0,1.0,0.5416666666666666,0.4583333333333333,0.0,0.0,0.0,0.0,1.0,1.0,0.0,0.0,0.10416666666666667,0.0,0.8958333333333334,0.0,0.0,0.0,0.0,0.0,0.0,0.020833333333333332,0.020833333333333332,0.020833333333333332,0.2916666666666667,0.3125,0.22916666666666666,0.10416666666666667
MANATÍ,2022,137,0.5620437956204379,0.0948905109489051,0.014598540145985401,0.0072992700729927005,0.22627737226277372,0.0,0.0948905109489051,0.043795620437956206,0.0,0.0072992700729927005,0.021897810218978103,0.0364963503649635,0.8905109489051095,0.9562043795620438,0.043795620437956206,0.32116788321167883,0.6788321167883211,0.0,1.0,0.46715328467153283,0.5328467153284672,0.0,0.0,0.0,0.0,1.0,0.9927007299270073,0.0,0.0072992700729927005,0.3722627737226277,0.0,0.6277372262773723,0.043795620437956206,0.029197080291970802,0.043795620437956206,0.029197080291970802,0.08029197080291971,0.18248175182481752,0.17518248175182483,0.2116788321167883,0.11678832116788321,0.06569343065693431,0.0072992700729927005,0.014598540145985401,0.0
MANATÍ,2023,9,0.3333333333333333,0.1111111111111111,0.2222222222222222,0.1111111111111111,0.1111111111111111,0.0,0.1111111111111111,0.0,0.0,0.0,0.0,0.0,1.0,1.0,0.0,0.4444444444444444,0.5555555555555556,0.0,1.0,0.6666666666666666,0.3333333333333333,0.0,0.0,0.0,0.0,1.0,0.7777777777777778,0.1111111111111111,0.1111111111111111,0.4444444444444444,0.0,0.5555555555555556,0.1111111111111111,0.1111111111111111,0.1111111111111111,0.0,0.1111111111111111,0.0,0.1111111111111111,0.2222222222222222,0.1111111111111111,0.0,0.0,0.1111111111111111,0.0
PALMAR DE VARELA,2017,10,0.2,0.4,0.0,0.0,0.1,0.1,0.2,0.3,0.0,0.0,0.0,0.1,0.6,1.0,0.0,0.8,0.2,0.0,1.0,0.3,0.7,0.0,0.0,0.0,1.0,0.0,1.0,0.0,0.0,0.0,0.0,1.0,0.0,0.0,0.1,0.0,0.6,0.1,0.1,0.0,0.0,0.1,0.0,0.0,0.0
PALMAR DE VARELA,2018,6,0.16666666666666666,0.3333333333333333,0.0,0.0,0.5,0.0,0.0,0.3333333333333333,0.0,0.0,0.0,0.0,0.6666666666666666,1.0,0.0,0.8333333333333334,0.16666666666666666,0.0,1.0,0.6666666666666666,0.3333333333333333,0.0,0.0,0.0,1.0,0.0,1.0,0.0,0.0,0.16666666666666666,0.0,0.8333333333333334,0.0,0.0,0.0,0.0,0.16666666666666666,0.0,0.0,0.0,0.0,0.0,0.16666666666666666,0.3333333333333333,0.3333333333333333
PALMAR DE VARELA,2019,23,0.34782608695652173,0.17391304347826086,0.0,0.0,0.30434782608695654,0.0,0.17391304347826086,0.17391304347826086,0.0,0.043478260869565216,0.0,0.0,0.782608695652174,0.9565217391304348,0.043478260869565216,0.4782608695652174,0.5217391304347826,0.0,1.0,0.43478260869565216,0.5652173913043478,0.0,0.0,0.0,1.0,0.0,0.9565217391304348,0.043478260869565216,0.0,0.2608695652173913,0.0,0.7391304347826086,0.21739130434782608,0.08695652173913043,0.0,0.0,0.043478260869565216,0.0,0.21739130434782608,0.30434782608695654,0.0,0.0,0.043478260869565216,0.08695652173913043,0.0
PALMAR DE VARELA,2020,16,0.1875,0.375,0.125,0.0,0.1875,0.0625,0.0625,0.3125,0.0,0.125,0.0,0.0625,0.5,1.0,0.0,0.6875,0.3125,0.0,1.0,0.625,0.375,0.0,0.0,0.0,1.0,0.0,1.0,0.0,0.0,0.1875,0.0,0.8125,0.1875,0.6875,0.0625,0.0,0.0625,0.0,0.0,0.0,0.0,0.0,0.0,0.0,0.0
PALMAR DE VARELA,2021,8,0.375,0.0,0.0,0.0,0.375,0.0,0.25,0.375,0.0,0.0,0.0,0.0,0.625,1.0,0.0,0.625,0.375,0.0,1.0,0.625,0.375,0.0,0.0,0.0,1.0,0.0,1.0,0.0,0.0,0.125,0.0,0.875,0.0,0.0,0.0,0.0,0.0,0.0,0.0,0.0,0.0,0.25,0.25,0.375,0.125
PALMAR DE VARELA,2022,16,0.4375,0.25,0.125,0.0,0.125,0.0,0.0625,0.375,0.0,0.0,0.0,0.0,0.625,0.9375,0.0625,0.3125,0.6875,0.0,1.0,0.625,0.375,0.0,0.0,0.0,1.0,0.0,0.875,0.0625,0.0625,0.25,0.0,0.75,0.0625,0.0,0.0,0.125,0.0,0.0,0.0,0.25,0.0625,0.0,0.0625,0.3125,0.125
PALMAR DE VARELA,2023,31,0.41935483870967744,0.16129032258064516,0.0,0.0,0.1935483870967742,0.0,0.22580645161290322,0.3225806451612903,0.0,0.03225806451612903,0.03225806451612903,0.06451612903225806,0.5483870967741935,1.0,0.0,0.6129032258064516,0.3870967741935484,0.0,1.0,0.5806451612903226,0.41935483870967744,0.0,0.0,0.0,1.0,0.0,1.0,0.0,0.0,0.16129032258064516,0.0,0.8387096774193549,0.12903225806451613,0.0967741935483871,0.03225806451612903,0.12903225806451613,0.16129032258064516,0.03225806451612903,0.03225806451612903,0.0967741935483871,0.06451612903225806,0.12903225806451613,0.06451612903225806,0.03225806451612903,0.0
PIOJÓ,2018,7,0.2857142857142857,0.2857142857142857,0.2857142857142857,0.0,0.14285714285714285,0.0,0.0,0.5714285714285714,0.0,0.0,0.0,0.0,0.42857142857142855,1.0,0.0,1.0,0.0,0.0,1.0,0.5714285714285714,0.42857142857142855,0.0,1.0,0.0,0.0,0.0,1.0,0.0,0.0,0.0,0.7142857142857143,0.2857142857142857,0.0,0.0,0.0,0.0,0.14285714285714285,0.8571428571428571,0.0,0.0,0.0,0.0,0.0,0.0,0.0
PIOJÓ,2020,6,0.6666666666666666,0.16666666666666666,0.0,0.0,0.16666666666666666,0.0,0.0,0.8333333333333334,0.0,0.16666666666666666,0.0,0.0,0.0,1.0,0.0,0.0,1.0,0.0,1.0,0.3333333333333333,0.6666666666666666,0.0,1.0,0.0,0.0,0.0,1.0,0.0,0.0,0.16666666666666666,0.0,0.8333333333333334,0.0,0.0,0.3333333333333333,0.6666666666666666,0.0,0.0,0.0,0.0,0.0,0.0,0.0,0.0,0.0
PIOJÓ,2021,10,0.2,0.1,0.0,0.0,0.6,0.0,0.1,0.1,0.0,0.0,0.0,0.0,0.9,1.0,0.0,0.1,0.9,0.0,1.0,0.6,0.4,0.0,1.0,0.0,0.0,0.0,0.7,0.3,0.0,0.1,0.0,0.9,0.1,0.1,0.1,0.0,0.0,0.0,0.0,0.0,0.0,0.4,0.2,0.1,0.0
PIOJÓ,2022,10,0.3,0.1,0.0,0.0,0.3,0.0,0.3,0.0,0.0,0.0,0.0,0.0,1.0,0.9,0.1,0.3,0.7,0.0,1.0,0.7,0.3,0.0,1.0,0.0,0.0,0.0,1.0,0.0,0.0,0.1,0.0,0.9,0.0,0.0,0.1,0.0,0.2,0.3,0.1,0.0,0.0,0.1,0.0,0.0,0.2
PIOJÓ,2023,36,0.5555555555555556,0.05555555555555555,0.0,0.0,0.3333333333333333,0.0,0.05555555555555555,0.08333333333333333,0.0,0.0,0.0,0.0,0.9166666666666666,0.9722222222222222,0.027777777777777776,0.3055555555555556,0.6944444444444444,0.0,1.0,0.3055555555555556,0.6944444444444444,0.0,1.0,0.0,0.0,0.0,0.75,0.08333333333333333,0.16666666666666666,0.08333333333333333,0.0,0.9166666666666666,0.0,0.0,0.0,0.0,0.0,0.0,0.05555555555555555,0.08333333333333333,0.16666666666666666,0.5277777777777778,0.0,0.08333333333333333,0.08333333333333333
POLONUEVO,2017,5,0.0,0.4,0.0,0.0,0.2,0.0,0.4,0.0,0.0,0.0,0.0,0.0,1.0,1.0,0.0,0.8,0.2,0.0,1.0,0.0,1.0,1.0,0.0,0.0,0.0,0.0,1.0,0.0,0.0,0.0,0.0,1.0,0.0,0.0,0.0,0.0,0.0,0.0,0.0,0.2,0.2,0.0,0.2,0.4,0.0
POLONUEVO,2018,199,0.457286432160804,0.09547738693467336,0.005025125628140704,0.0,0.3065326633165829,0.0,0.135678391959799,0.4020100502512563,0.005025125628140704,0.0,0.0,0.005025125628140704,0.5879396984924623,0.9899497487437185,0.010050251256281407,0.36180904522613067,0.6381909547738693,0.005025125628140704,0.9949748743718593,0.4472361809045226,0.5527638190954773,1.0,0.0,0.0,0.0,0.0,0.9899497487437185,0.010050251256281407,0.0,0.18090452261306533,0.0,0.8190954773869347,0.010050251256281407,0.005025125628140704,0.0,0.0,0.005025125628140704,0.02512562814070352,0.07035175879396985,0.03015075376884422,0.05527638190954774,0.10552763819095477,0.3065326633165829,0.2964824120603015,0.09045226130653267
POLONUEVO,2019,116,0.47413793103448276,0.1810344827586207,0.008620689655172414,0.0,0.2413793103448276,0.008620689655172414,0.08620689655172414,0.28448275862068967,0.0,0.0,0.0,0.008620689655172414,0.7068965517241379,0.9827586206896551,0.017241379310344827,0.16379310344827586,0.8362068965517241,0.0,1.0,0.5,0.5,1.0,0.0,0.0,0.0,0.0,0.9827586206896551,0.017241379310344827,0.0,0.27586206896551724,0.0,0.7241379310344828,0.08620689655172414,0.017241379310344827,0.008620689655172414,0.017241379310344827,0.04310344827586207,0.04310344827586207,0.0603448275862069,0.3017241379310345,0.29310344827586204,0.034482758620689655,0.04310344827586207,0.008620689655172414,0.04310344827586207
POLONUEVO,2020,13,0.23076923076923078,0.38461538461538464,0.07692307692307693,0.0,0.07692307692307693,0.07692307692307693,0.15384615384615385,0.38461538461538464,0.0,0.0,0.0,0.07692307692307693,0.5384615384615384,1.0,0.0,0.38461538461538464,0.6153846153846154,0.0,1.0,0.5384615384615384,0.46153846153846156,1.0,0.0,0.0,0.0,0.0,1.0,0.0,0.0,0.07692307692307693,0.0,0.9230769230769231,0.46153846153846156,0.07692307692307693,0.07692307692307693,0.0,0.07692307692307693,0.07692307692307693,0.07692307692307693,0.0,0.0,0.15384615384615385,0.0,0.0,0.0
POLONUEVO,2021,27,0.5555555555555556,0.1111111111111111,0.07407407407407407,0.0,0.14814814814814814,0.037037037037037035,0.07407407407407407,0.2222222222222222,0.0,0.0,0.037037037037037035,0.037037037037037035,0.7037037037037037,1.0,0.0,0.4074074074074074,0.5925925925925926,0.0,1.0,0.5185185185185185,0.48148148148148145,1.0,0.0,0.0,0.0,0.0,1.0,0.0,0.0,0.037037037037037035,0.0,0.9629629629629629,0.0,0.0,0.0,0.0,0.0,0.0,0.0,0.07407407407407407,0.1111111111111111,0.2962962962962963,0.2222222222222222,0.1111111111111111,0.18518518518518517
POLONUEVO,2022,26,0.2692307692307692,0.34615384615384615,0.038461538461538464,0.0,0.11538461538461539,0.07692307692307693,0.15384615384615385,0.2692307692307692,0.0,0.0,0.0,0.0,0.7307692307692307,1.0,0.0,0.34615384615384615,0.6538461538461539,0.0,1.0,0.38461538461538464,0.6153846153846154,1.0,0.0,0.0,0.0,0.0,1.0,0.0,0.0,0.11538461538461539,0.0,0.8846153846153846,0.11538461538461539,0.0,0.0,0.11538461538461539,0.07692307692307693,0.038461538461538464,0.11538461538461539,0.07692307692307693,0.038461538461538464,0.11538461538461539,0.038461538461538464,0.19230769230769232,0.07692307692307693
POLONUEVO,2023,13,0.07692307692307693,0.38461538461538464,0.0,0.0,0.38461538461538464,0.0,0.15384615384615385,0.38461538461538464,0.0,0.0,0.0,0.0,0.6153846153846154,1.0,0.0,0.3076923076923077,0.6923076923076923,0.0,1.0,0.3076923076923077,0.6923076923076923,1.0,0.0,0.0,0.0,0.0,1.0,0.0,0.0,0.15384615384615385,0.0,0.8461538461538461,0.07692307692307693,0.0,0.0,0.0,0.0,0.07692307692307693,0.3076923076923077,0.3076923076923077,0.0,0.07692307692307693,0.0,0.0,0.15384615384615385
PONEDERA,2017,3,0.3333333333333333,0.3333333333333333,0.0,0.0,0.0,0.0,0.3333333333333333,0.0,0.0,0.0,0.0,0.0,1.0,1.0,0.0,0.6666666666666666,0.3333333333333333,0.0,1.0,0.3333333333333333,0.6666666666666666,0.0,0.0,0.0,1.0,0.0,0.6666666666666666,0.3333333333333333,0.0,0.0,0.0,1.0,0.0,0.0,0.3333333333333333,0.0,0.0,0.0,0.0,0.0,0.0,0.3333333333333333,0.0,0.3333333333333333,0.0
PONEDERA,2018,6,0.3333333333333333,0.5,0.0,0.0,0.16666666666666666,0.0,0.0,0.16666666666666666,0.0,0.0,0.0,0.0,0.8333333333333334,1.0,0.0,0.6666666666666666,0.3333333333333333,0.0,1.0,0.5,0.5,0.0,0.0,0.0,1.0,0.0,0.8333333333333334,0.16666666666666666,0.0,0.3333333333333333,0.0,0.6666666666666666,0.0,0.16666666666666666,0.0,0.0,0.0,0.0,0.0,0.0,0.0,0.16666666666666666,0.0,0.6666666666666666,0.0
PONEDERA,2019,56,0.4107142857142857,0.16071428571428573,0.017857142857142856,0.0,0.2857142857142857,0.0,0.125,0.21428571428571427,0.0,0.017857142857142856,0.0,0.03571428571428571,0.7321428571428571,1.0,0.0,0.3392857142857143,0.6607142857142857,0.0,1.0,0.5535714285714286,0.44642857142857145,0.0,0.0,0.0,1.0,0.0,0.7142857142857143,0.2857142857142857,0.0,0.14285714285714285,0.0,0.8571428571428571,0.05357142857142857,0.05357142857142857,0.03571428571428571,0.0,0.0,0.0,0.05357142857142857,0.017857142857142856,0.03571428571428571,0.14285714285714285,0.07142857142857142,0.25,0.2857142857142857
PONEDERA,2020,27,0.2962962962962963,0.07407407407407407,0.0,0.0,0.37037037037037035,0.0,0.25925925925925924,0.2962962962962963,0.0,0.037037037037037035,0.0,0.07407407407407407,0.5925925925925926,1.0,0.0,0.2222222222222222,0.7777777777777778,0.0,1.0,0.6666666666666666,0.3333333333333333,0.0,0.0,0.0,1.0,0.0,0.7777777777777778,0.2222222222222222,0.0,0.07407407407407407,0.0,0.9259259259259259,0.4444444444444444,0.37037037037037035,0.037037037037037035,0.0,0.037037037037037035,0.0,0.0,0.0,0.0,0.037037037037037035,0.0,0.0,0.07407407407407407
PONEDERA,2021,9,0.4444444444444444,0.2222222222222222,0.2222222222222222,0.0,0.1111111111111111,0.0,0.0,0.1111111111111111,0.0,0.1111111111111111,0.0,0.0,0.7777777777777778,0.8888888888888888,0.1111111111111111,0.3333333333333333,0.6666666666666666,0.0,1.0,0.5555555555555556,0.4444444444444444,0.0,0.0,0.0,1.0,0.0,1.0,0.0,0.0,0.0,0.0,1.0,0.0,0.0,0.0,0.0,0.0,0.0,0.0,0.2222222222222222,0.1111111111111111,0.1111111111111111,0.0,0.3333333333333333,0.2222222222222222
PONEDERA,2022,38,0.5,0.2894736842105263,0.05263157894736842,0.0,0.07894736842105263,0.02631578947368421,0.05263157894736842,0.10526315789473684,0.0,0.02631578947368421,0.0,0.05263157894736842,0.8157894736842105,0.9473684210526315,0.05263157894736842,0.07894736842105263,0.9210526315789473,0.0,1.0,0.39473684210526316,0.6052631578947368,0.0,0.0,0.0,1.0,0.0,0.7105263157894737,0.2631578947368421,0.02631578947368421,0.2631578947368421,0.0,0.7368421052631579,0.0,0.02631578947368421,0.0,0.0,0.0,0.0,0.13157894736842105,0.07894736842105263,0.10526315789473684,0.15789473684210525,0.39473684210526316,0.07894736842105263,0.02631578947368421
PONEDERA,2023,50,0.48,0.36,0.0,0.0,0.14,0.0,0.02,0.22,0.0,0.04,0.0,0.0,0.74,1.0,0.0,0.38,0.62,0.0,1.0,0.52,0.48,0.0,0.0,0.0,1.0,0.0,0.36,0.64,0.0,0.3,0.0,0.7,0.02,0.02,0.04,0.0,0.02,0.02,0.0,0.1,0.0,0.1,0.18,0.32,0.18
PUERTO COLOMBIA,2017,14,0.07142857142857142,0.5,0.07142857142857142,0.0,0.14285714285714285,0.0,0.21428571428571427,0.5,0.0,0.0,0.0,0.07142857142857142,0.42857142857142855,0.9285714285714286,0.07142857142857142,0.5714285714285714,0.42857142857142855,0.0,1.0,0.6428571428571429,0.35714285714285715,0.0,0.0,1.0,0.0,0.0,1.0,0.0,0.0,0.35714285714285715,0.0,0.6428571428571429,0.0,0.0,0.07142857142857142,0.0,0.0,0.0,0.0,0.0,0.0,0.21428571428571427,0.21428571428571427,0.07142857142857142,0.42857142857142855
PUERTO COLOMBIA,2018,38,0.3684210526315789,0.3157894736842105,0.0,0.0,0.23684210526315788,0.0,0.07894736842105263,0.4473684210526316,0.02631578947368421,0.0,0.02631578947368421,0.02631578947368421,0.47368421052631576,1.0,0.0,0.3157894736842105,0.6842105263157895,0.0,1.0,0.3684210526315789,0.631578947368421,0.0,0.0,1.0,0.0,0.0,0.9473684210526315,0.02631578947368421,0.02631578947368421,0.3157894736842105,0.0,0.6842105263157895,0.05263157894736842,0.02631578947368421,0.0,0.0,0.02631578947368421,0.02631578947368421,0.13157894736842105,0.10526315789473684,0.05263157894736842,0.0,0.15789473684210525,0.34210526315789475,0.07894736842105263
PUERTO COLOMBIA,2019,41,0.2682926829268293,0.36585365853658536,0.07317073170731707,0.024390243902439025,0.14634146341463414,0.0,0.12195121951219512,0.4878048780487805,0.0,0.04878048780487805,0.0,0.024390243902439025,0.43902439024390244,1.0,0.0,0.14634146341463414,0.8536585365853658,0.0,1.0,0.5121951219512195,0.4878048780487805,0.0,0.0,1.0,0.0,0.0,0.9024390243902439,0.0975609756097561,0.0,0.21951219512195122,0.0,0.7804878048780488,0.07317073170731707,0.0,0.0,0.0,0.04878048780487805,0.17073170731707318,0.04878048780487805,0.04878048780487805,0.024390243902439025,0.024390243902439025,0.0975609756097561,0.1951219512195122,0.2682926829268293
PUERTO COLOMBIA,2020,25,0.36,0.36,0.0,0.0,0.16,0.0,0.12,0.52,0.0,0.0,0.0,0.08,0.4,0.96,0.04,0.28,0.72,0.0,1.0,0.44,0.56,0.0,0.0,1.0,0.0,0.0,0.8,0.2,0.0,0.24,0.0,0.76,0.36,0.32,0.2,0.04,0.0,0.0,0.0,0.0,0.0,0.04,0.04,0.0,0.0
PUERTO COLOMBIA,2021,70,0.37142857142857144,0.2,0.014285714285714285,0.0,0.2,0.0,0.21428571428571427,0.38571428571428573,0.0,0.014285714285714285,0.014285714285714285,0.04285714285714286,0.5428571428571428,0.9571428571428572,0.04285714285714286,0.5285714285714286,0.4714285714285714,0.0,1.0,0.5714285714285714,0.42857142857142855,0.0,0.0,1.0,0.0,0.0,0.9571428571428572,0.04285714285714286,0.0,0.17142857142857143,0.0,0.8285714285714286,0.014285714285714285,0.02857142857142857,0.0,0.0,0.014285714285714285,0.0,0.0,0.014285714285714285,0.0,0.0,0.05714285714285714,0.38571428571428573,0.4857142857142857
PUERTO COLOMBIA,2022,539,0.48608534322820035,0.2820037105751391,0.01855287569573284,0.0,0.16326530612244897,0.0,0.05009276437847866,0.45269016697588127,0.0,0.03153988868274583,0.011131725417439703,0.025974025974025976,0.47866419294990725,0.9090909090909091,0.09090909090909091,0.47309833024118736,0.5269016697588126,0.0,1.0,0.4712430426716141,0.5287569573283859,0.0,0.0,1.0,0.0,0.0,0.9591836734693877,0.04081632653061224,0.0,0.3562152133580705,0.0037105751391465678,0.640074211502783,0.04638218923933209,0.03153988868274583,0.016697588126159554,0.014842300556586271,0.04267161410018553,0.12244897959183673,0.14100185528756956,0.20964749536178107,0.10575139146567718,0.09461966604823747,0.06679035250463822,0.059369202226345084,0.04823747680890538
PUERTO COLOMBIA,2023,53,0.32075471698113206,0.3018867924528302,0.07547169811320754,0.0,0.1509433962264151,0.0,0.1509433962264151,0.5849056603773585,0.0,0.0,0.018867924528301886,0.0,0.39622641509433965,0.9622641509433962,0.03773584905660377,0.6226415094339622,0.37735849056603776,0.0,1.0,0.5283018867924528,0.4716981132075472,0.0,0.0,1.0,0.0,0.0,0.9811320754716981,0.018867924528301886,0.0,0.41509433962264153,0.0,0.5849056603773585,0.16981132075471697,0.09433962264150944,0.1320754716981132,0.05660377358490566,0.07547169811320754,0.05660377358490566,0.018867924528301886,0.09433962264150944,0.0,0.07547169811320754,0.09433962264150944,0.03773584905660377,0.09433962264150944
REPELÓN,2017,11,0.45454545454545453,0.18181818181818182,0.09090909090909091,0.0,0.09090909090909091,0.09090909090909091,0.09090909090909091,0.09090909090909091,0.0,0.0,0.0,0.09090909090909091,0.8181818181818182,1.0,0.0,0.9090909090909091,0.09090909090909091,0.0,1.0,0.45454545454545453,0.5454545454545454,0.0,0.0,0.0,0.0,1.0,0.9090909090909091,0.09090909090909091,0.0,0.09090909090909091,0.0,0.9090909090909091,0.0,0.0,0.0,0.0,0.0,0.0,0.0,0.0,0.18181818181818182,0.36363636363636365,0.09090909090909091,0.18181818181818182,0.18181818181818182
REPELÓN,2018,1,0.0,0.0,1.0,0.0,0.0,0.0,0.0,0.0,0.0,0.0,0.0,0.0,1.0,1.0,0.0,0.0,1.0,0.0,1.0,0.0,1.0,0.0,0.0,0.0,0.0,1.0,1.0,0.0,0.0,0.0,0.0,1.0,0.0,0.0,0.0,0.0,0.0,0.0,0.0,0.0,0.0,1.0,0.0,0.0,0.0
REPELÓN,2019,23,0.5217391304347826,0.0,0.0,0.0,0.34782608695652173,0.0,0.13043478260869565,0.17391304347826086,0.0,0.0,0.08695652173913043,0.08695652173913043,0.6521739130434783,0.9565217391304348,0.043478260869565216,0.13043478260869565,0.8695652173913043,0.0,1.0,0.34782608695652173,0.6521739130434783,0.0,0.0,0.0,0.0,1.0,0.9130434782608695,0.08695652173913043,0.0,0.08695652173913043,0.0,0.9130434782608695,0.0,0.0,0.0,0.0,0.0,0.0,0.043478260869565216,0.0,0.0,0.043478260869565216,0.0,0.17391304347826086,0.7391304347826086
REPELÓN,2020,57,0.5614035087719298,0.05263157894736842,0.0,0.0,0.22807017543859648,0.017543859649122806,0.14035087719298245,0.2631578947368421,0.0,0.017543859649122806,0.03508771929824561,0.017543859649122806,0.6666666666666666,1.0,0.0,0.14035087719298245,0.8596491228070176,0.0,1.0,0.543859649122807,0.45614035087719296,0.0,0.0,0.0,0.0,1.0,0.7017543859649122,0.2982456140350877,0.0,0.14035087719298245,0.0,0.8596491228070176,0.3508771929824561,0.21052631578947367,0.08771929824561403,0.017543859649122806,0.07017543859649122,0.07017543859649122,0.0,0.017543859649122806,0.05263157894736842,0.03508771929824561,0.03508771929824561,0.017543859649122806,0.03508771929824561
REPELÓN,2021,6,0.16666666666666666,0.5,0.0,0.0,0.0,0.0,0.3333333333333333,0.0,0.0,0.0,0.0,0.0,1.0,0.8333333333333334,0.16666666666666666,0.3333333333333333,0.6666666666666666,0.0,1.0,0.16666666666666666,0.8333333333333334,0.0,0.0,0.0,0.0,1.0,1.0,0.0,0.0,0.0,0.0,1.0,0.3333333333333333,0.0,0.0,0.0,0.0,0.0,0.0,0.0,0.0,0.0,0.16666666666666666,0.16666666666666666,0.3333333333333333
REPELÓN,2022,4,0.25,0.25,0.25,0.0,0.25,0.0,0.0,0.0,0.0,0.0,0.0,0.0,1.0,0.25,0.75,0.0,1.0,0.0,1.0,0.75,0.25,0.0,0.0,0.0,0.0,1.0,0.75,0.25,0.0,0.25,0.0,0.75,0.0,0.0,0.0,0.0,0.0,0.0,0.25,0.0,0.25,0.25,0.0,0.25,0.0
REPELÓN,2023,4,0.25,0.5,0.0,0.0,0.25,0.0,0.0,0.5,0.0,0.0,0.0,0.0,0.5,1.0,0.0,0.25,0.75,0.0,1.0,0.25,0.75,0.0,0.0,0.0,0.0,1.0,1.0,0.0,0.0,0.25,0.0,0.75,0.25,0.0,0.0,0.0,0.0,0.0,0.0,0.0,0.75,0.0,0.0,0.0,0.0
SABANAGRANDE,2017,5,0.0,0.4,0.0,0.0,0.0,0.2,0.4,0.4,0.0,0.0,0.0,0.0,0.6,1.0,0.0,0.4,0.6,0.0,1.0,0.0,1.0,0.0,0.0,0.0,1.0,0.0,1.0,0.0,0.0,0.4,0.0,0.6,0.2,0.2,0.2,0.0,0.0,0.2,0.0,0.0,0.0,0.0,0.0,0.2,0.0
SABANAGRANDE,2018,12,0.25,0.3333333333333333,0.0,0.0,0.25,0.0,0.16666666666666666,0.4166666666666667,0.0,0.0,0.0,0.0,0.5833333333333334,1.0,0.0,0.5,0.5,0.0,1.0,0.4166666666666667,0.5833333333333334,0.0,0.0,0.0,1.0,0.0,1.0,0.0,0.0,0.25,0.0,0.75,0.16666666666666666,0.0,0.0,0.08333333333333333,0.0,0.08333333333333333,0.0,0.16666666666666666,0.08333333333333333,0.08333333333333333,0.25,0.08333333333333333,0.0
SABANAGRANDE,2019,14,0.35714285714285715,0.21428571428571427,0.14285714285714285,0.0,0.14285714285714285,0.0,0.14285714285714285,0.21428571428571427,0.0,0.0,0.0,0.14285714285714285,0.6428571428571429,1.0,0.0,0.14285714285714285,0.8571428571428571,0.0,1.0,0.42857142857142855,0.5714285714285714,0.0,0.0,0.0,1.0,0.0,0.9285714285714286,0.07142857142857142,0.0,0.35714285714285715,0.0,0.6428571428571429,0.0,0.0,0.14285714285714285,0.0,0.0,0.0,0.07142857142857142,0.14285714285714285,0.14285714285714285,0.14285714285714285,0.07142857142857142,0.07142857142857142,0.21428571428571427
SABANAGRANDE,2020,27,0.4074074074074074,0.2222222222222222,0.0,0.0,0.3333333333333333,0.0,0.037037037037037035,0.2962962962962963,0.0,0.0,0.037037037037037035,0.07407407407407407,0.5925925925925926,1.0,0.0,0.25925925925925924,0.7407407407407407,0.0,1.0,0.48148148148148145,0.5185185185185185,0.0,0.0,0.0,1.0,0.0,1.0,0.0,0.0,0.0,0.0,1.0,0.14814814814814814,0.07407407407407407,0.0,0.0,0.0,0.0,0.0,0.0,0.0,0.0,0.037037037037037035,0.14814814814814814,0.5925925925925926
SABANAGRANDE,2021,19,0.42105263157894735,0.2631578947368421,0.05263157894736842,0.0,0.21052631578947367,0.0,0.05263157894736842,0.3684210526315789,0.0,0.0,0.0,0.0,0.631578947368421,0.9473684210526315,0.05263157894736842,0.47368421052631576,0.5263157894736842,0.0,1.0,0.5263157894736842,0.47368421052631576,0.0,0.0,0.0,1.0,0.0,1.0,0.0,0.0,0.15789473684210525,0.0,0.8421052631578947,0.47368421052631576,0.10526315789473684,0.0,0.0,0.0,0.05263157894736842,0.0,0.0,0.0,0.10526315789473684,0.0,0.05263157894736842,0.21052631578947367
SABANAGRANDE,2022,15,0.3333333333333333,0.26666666666666666,0.0,0.0,0.26666666666666666,0.0,0.13333333333333333,0.2,0.0,0.06666666666666667,0.0,0.0,0.7333333333333333,1.0,0.0,0.3333333333333333,0.6666666666666666,0.0,1.0,0.4,0.6,0.0,0.0,0.0,1.0,0.0,1.0,0.0,0.0,0.13333333333333333,0.0,0.8666666666666667,0.06666666666666667,0.06666666666666667,0.0,0.0,0.0,0.0,0.0,0.13333333333333333,0.2,0.06666666666666667,0.26666666666666666,0.2,0.0
SABANAGRANDE,2023,7,0.14285714285714285,0.2857142857142857,0.0,0.0,0.14285714285714285,0.0,0.42857142857142855,0.7142857142857143,0.0,0.0,0.0,0.0,0.2857142857142857,1.0,0.0,0.14285714285714285,0.8571428571428571,0.0,1.0,0.14285714285714285,0.8571428571428571,0.0,0.0,0.0,1.0,0.0,0.7142857142857143,0.2857142857142857,0.0,0.5714285714285714,0.0,0.42857142857142855,0.14285714285714285,0.0,0.2857142857142857,0.14285714285714285,0.0,0.0,0.14285714285714285,0.0,0.0,0.14285714285714285,0.0,0.0,0.14285714285714285
SABANALARGA,2017,10,0.1,0.5,0.2,0.0,0.2,0.0,0.0,0.4,0.0,0.0,0.0,0.0,0.6,1.0,0.0,0.5,0.5,0.0,1.0,0.5,0.5,1.0,0.0,0.0,0.0,0.0,0.8,0.2,0.0,0.1,0.0,0.9,0.0,0.2,0.0,0.1,0.2,0.1,0.2,0.0,0.0,0.0,0.1,0.1,0.0
SABANALARGA,2018,99,0.3939393939393939,0.1717171717171717,0.010101010101010102,0.0,0.25252525252525254,0.010101010101010102,0.16161616161616163,0.32323232323232326,0.010101010101010102,0.0,0.030303030303030304,0.020202020202020204,0.6161616161616161,0.98989898989899,0.010101010101010102,0.2727272727272727,0.7272727272727273,0.0,1.0,0.5555555555555556,0.4444444444444444,1.0,0.0,0.0,0.0,0.0,0.9494949494949495,0.050505050505050504,0.0,0.1111111111111111,0.0,0.8888888888888888,0.010101010101010102,0.010101010101010102,0.020202020202020204,0.0,0.010101010101010102,0.030303030303030304,0.020202020202020204,0.08080808080808081,0.0707070707070707,0.10101010101010101,0.15151515151515152,0.21212121212121213,0.2828282828282828
SABANALARGA,2019,321,0.42990654205607476,0.0778816199376947,0.009345794392523364,0.0,0.3146417445482866,0.006230529595015576,0.16199376947040497,0.27102803738317754,0.003115264797507788,0.012461059190031152,0.01557632398753894,0.01557632398753894,0.6822429906542056,0.9906542056074766,0.009345794392523364,0.2772585669781931,0.7227414330218068,0.0,1.0,0.5700934579439252,0.42990654205607476,1.0,0.0,0.0,0.0,0.0,0.7133956386292835,0.2834890965732087,0.003115264797507788,0.1277258566978193,0.0,0.8722741433021807,0.09345794392523364,0.059190031152647975,0.021806853582554516,0.03115264797507788,0.056074766355140186,0.04672897196261682,0.10903426791277258,0.08411214953271028,0.08722741433021806,0.0529595015576324,0.10903426791277258,0.11526479750778816,0.13395638629283488
SABANALARGA,2020,122,0.5,0.07377049180327869,0.02459016393442623,0.0,0.28688524590163933,0.0,0.11475409836065574,0.30327868852459017,0.0,0.01639344262295082,0.01639344262295082,0.05737704918032787,0.6065573770491803,0.9590163934426229,0.040983606557377046,0.18032786885245902,0.819672131147541,0.0,1.0,0.5327868852459017,0.4672131147540984,1.0,0.0,0.0,0.0,0.0,0.860655737704918,0.09836065573770492,0.040983606557377046,0.08196721311475409,0.0,0.9180327868852459,0.2540983606557377,0.13114754098360656,0.04918032786885246,0.01639344262295082,0.0,0.01639344262295082,0.0,0.03278688524590164,0.05737704918032787,0.05737704918032787,0.13114754098360656,0.07377049180327869,0.18032786885245902
SABANALARGA,2021,174,0.47701149425287354,0.14367816091954022,0.022988505747126436,0.0,0.20114942528735633,0.011494252873563218,0.14367816091954022,0.28160919540229884,0.0,0.034482758620689655,0.005747126436781609,0.05747126436781609,0.6206896551724138,0.9655172413793104,0.034482758620689655,0.3218390804597701,0.6781609195402298,0.0,1.0,0.4885057471264368,0.5114942528735632,1.0,0.0,0.0,0.0,0.0,0.9367816091954023,0.028735632183908046,0.034482758620689655,0.10919540229885058,0.0,0.8908045977011494,0.05172413793103448,0.017241379310344827,0.0,0.005747126436781609,0.011494252873563218,0.005747126436781609,0.022988505747126436,0.06896551724137931,0.08045977011494253,0.08620689655172414,0.27586206896551724,0.22413793103448276,0.14942528735632185
SABANALARGA,2022,311,0.4983922829581994,0.09646302250803858,0.022508038585209004,0.012861736334405145,0.26366559485530544,0.003215434083601286,0.10289389067524116,0.31511254019292606,0.0,0.006430868167202572,0.01929260450160772,0.003215434083601286,0.6559485530546624,0.954983922829582,0.04501607717041801,0.36012861736334406,0.639871382636656,0.0,1.0,0.48231511254019294,0.5176848874598071,1.0,0.0,0.0,0.0,0.0,0.9453376205787781,0.04180064308681672,0.012861736334405145,0.6881028938906752,0.0,0.31189710610932475,0.0707395498392283,0.02572347266881029,0.01607717041800643,0.022508038585209004,0.01929260450160772,0.06430868167202572,0.12861736334405144,0.14790996784565916,0.13183279742765272,0.07717041800643087,0.13504823151125403,0.08038585209003216,0.08038585209003216
SABANALARGA,2023,56,0.32142857142857145,0.32142857142857145,0.07142857142857142,0.03571428571428571,0.17857142857142858,0.0,0.07142857142857142,0.4107142857142857,0.0,0.0,0.0,0.03571428571428571,0.5535714285714286,0.9642857142857143,0.03571428571428571,0.48214285714285715,0.5178571428571429,0.0,1.0,0.39285714285714285,0.6071428571428571,1.0,0.0,0.0,0.0,0.0,0.7857142857142857,0.16071428571428573,0.05357142857142857,0.42857142857142855,0.0,0.5714285714285714,0.25,0.14285714285714285,0.05357142857142857,0.08928571428571429,0.03571428571428571,0.03571428571428571,0.017857142857142856,0.08928571428571429,0.07142857142857142,0.05357142857142857,0.07142857142857142,0.03571428571428571,0.05357142857142857
SANTA LUCÍA,2019,3,0.3333333333333333,0.0,0.0,0.0,0.6666666666666666,0.0,0.0,0.0,0.0,0.0,0.0,0.0,1.0,1.0,0.0,0.6666666666666666,0.3333333333333333,0.0,1.0,0.6666666666666666,0.3333333333333333,0.0,0.0,0.0,0.0,1.0,1.0,0.0,0.0,0.0,0.0,1.0,0.0,0.0,0.0,0.3333333333333333,0.0,0.0,0.0,0.0,0.0,0.0,0.0,0.0,0.6666666666666666
SANTA LUCÍA,2020,17,0.4117647058823529,0.058823529411764705,0.0,0.0,0.47058823529411764,0.0,0.058823529411764705,0.058823529411764705,0.0,0.0,0.058823529411764705,0.11764705882352941,0.7647058823529411,1.0,0.0,0.29411764705882354,0.7058823529411765,0.0,1.0,0.29411764705882354,0.7058823529411765,0.0,0.0,0.0,0.0,1.0,0.9411764705882353,0.058823529411764705,0.0,0.35294117647058826,0.0,0.6470588235294118,0.058823529411764705,0.0,0.0,0.0,0.17647058823529413,0.17647058823529413,0.058823529411764705,0.23529411764705882,0.23529411764705882,0.058823529411764705,0.0,0.0,0.0
SANTA LUCÍA,2021,8,0.125,0.125,0.0,0.0,0.125,0.0,0.625,0.0,0.0,0.0,0.0,0.0,1.0,1.0,0.0,1.0,0.0,0.0,1.0,0.625,0.375,0.0,0.0,0.0,0.0,1.0,0.75,0.25,0.0,0.0,0.0,1.0,0.0,0.0,0.0,0.0,0.0,0.0,0.0,0.0,0.0,0.25,0.375,0.125,0.25
SANTA LUCÍA,2022,11,0.2727272727272727,0.09090909090909091,0.09090909090909091,0.0,0.09090909090909091,0.0,0.45454545454545453,0.0,0.0,0.0,0.09090909090909091,0.0,0.9090909090909091,1.0,0.0,0.9090909090909091,0.09090909090909091,0.0,1.0,0.36363636363636365,0.6363636363636364,0.0,0.0,0.0,0.0,1.0,1.0,0.0,0.0,0.09090909090909091,0.0,0.9090909090909091,0.2727272727272727,0.45454545454545453,0.09090909090909091,0.09090909090909091,0.0,0.0,0.0,0.0,0.0,0.0,0.0,0.0,0.09090909090909091
SANTA LUCÍA,2023,2,0.0,0.0,0.0,0.5,0.0,0.0,0.5,0.0,0.0,0.0,0.0,0.0,1.0,1.0,0.0,0.5,0.5,0.0,1.0,0.5,0.5,0.0,0.0,0.0,0.0,1.0,1.0,0.0,0.0,0.5,0.0,0.5,0.5,0.0,0.0,0.0,0.5,0.0,0.0,0.0,0.0,0.0,0.0,0.0,0.0
SANTO TOMÁS,2017,11,0.2727272727272727,0.5454545454545454,0.09090909090909091,0.0,0.09090909090909091,0.0,0.0,0.5454545454545454,0.0,0.0,0.0,0.0,0.45454545454545453,1.0,0.0,0.8181818181818182,0.18181818181818182,0.0,1.0,0.36363636363636365,0.6363636363636364,0.0,0.0,0.0,1.0,0.0,1.0,0.0,0.0,0.09090909090909091,0.0,0.9090909090909091,0.09090909090909091,0.0,0.0,0.0,0.0,0.2727272727272727,0.09090909090909091,0.2727272727272727,0.18181818181818182,0.0,0.0,0.0,0.09090909090909091
SANTO TOMÁS,2018,7,0.2857142857142857,0.42857142857142855,0.0,0.0,0.14285714285714285,0.0,0.14285714285714285,0.7142857142857143,0.0,0.0,0.0,0.0,0.2857142857142857,1.0,0.0,0.5714285714285714,0.42857142857142855,0.0,1.0,0.5714285714285714,0.42857142857142855,0.0,0.0,0.0,1.0,0.0,1.0,0.0,0.0,0.2857142857142857,0.0,0.7142857142857143,0.2857142857142857,0.0,0.14285714285714285,0.0,0.14285714285714285,0.14285714285714285,0.0,0.0,0.0,0.0,0.14285714285714285,0.14285714285714285,0.0
SANTO TOMÁS,2019,11,0.36363636363636365,0.45454545454545453,0.0,0.0,0.09090909090909091,0.0,0.09090909090909091,0.2727272727272727,0.0,0.0,0.0,0.0,0.7272727272727273,1.0,0.0,0.6363636363636364,0.36363636363636365,0.0,1.0,0.45454545454545453,0.5454545454545454,0.0,0.0,0.0,1.0,0.0,0.9090909090909091,0.0,0.09090909090909091,0.18181818181818182,0.0,0.8181818181818182,0.0,0.0,0.0,0.0,0.09090909090909091,0.09090909090909091,0.18181818181818182,0.18181818181818182,0.09090909090909091,0.0,0.18181818181818182,0.09090909090909091,0.09090909090909091
SANTO TOMÁS,2020,9,0.2222222222222222,0.2222222222222222,0.0,0.0,0.1111111111111111,0.0,0.4444444444444444,0.3333333333333333,0.0,0.0,0.0,0.0,0.6666666666666666,1.0,0.0,0.4444444444444444,0.5555555555555556,0.0,1.0,0.2222222222222222,0.7777777777777778,0.0,0.0,0.0,1.0,0.0,1.0,0.0,0.0,0.1111111111111111,0.0,0.8888888888888888,0.1111111111111111,0.2222222222222222,0.1111111111111111,0.1111111111111111,0.0,0.0,0.0,0.1111111111111111,0.0,0.0,0.2222222222222222,0.0,0.1111111111111111
SANTO TOMÁS,2021,11,0.2727272727272727,0.45454545454545453,0.09090909090909091,0.0,0.09090909090909091,0.0,0.09090909090909091,0.2727272727272727,0.0,0.0,0.0,0.09090909090909091,0.6363636363636364,1.0,0.0,0.36363636363636365,0.6363636363636364,0.0,1.0,0.45454545454545453,0.5454545454545454,0.0,0.0,0.0,1.0,0.0,1.0,0.0,0.0,0.18181818181818182,0.0,0.8181818181818182,0.18181818181818182,0.0,0.0,0.0,0.0,0.0,0.0,0.0,0.09090909090909091,0.09090909090909091,0.09090909090909091,0.36363636363636365,0.18181818181818182
SANTO TOMÁS,2022,16,0.375,0.375,0.0,0.0625,0.125,0.0,0.0625,0.375,0.0,0.0,0.0,0.0,0.625,1.0,0.0,0.25,0.75,0.0,1.0,0.4375,0.5625,0.0,0.0,0.0,1.0,0.0,0.9375,0.0625,0.0,0.3125,0.0,0.6875,0.0625,0.0625,0.0625,0.125,0.0,0.0,0.0,0.0625,0.125,0.0625,0.25,0.0625,0.125
SANTO TOMÁS,2023,19,0.3684210526315789,0.5263157894736842,0.05263157894736842,0.0,0.05263157894736842,0.0,0.0,0.2631578947368421,0.0,0.0,0.0,0.05263157894736842,0.6842105263157895,1.0,0.0,0.42105263157894735,0.5789473684210527,0.0,1.0,0.5789473684210527,0.42105263157894735,0.0,0.0,0.0,1.0,0.0,1.0,0.0,0.0,0.42105263157894735,0.0,0.5789473684210527,0.15789473684210525,0.0,0.0,0.0,0.21052631578947367,0.05263157894736842,0.0,0.05263157894736842,0.05263157894736842,0.10526315789473684,0.10526315789473684,0.21052631578947367,0.05263157894736842
SOLEDAD,2017,324,0.404320987654321,0.2654320987654321,0.043209876543209874,0.0,0.18518518518518517,0.009259259259259259,0.09259259259259259,0.5246913580246914,0.024691358024691357,0.033950617283950615,0.006172839506172839,0.018518518518518517,0.39197530864197533,0.9783950617283951,0.021604938271604937,0.43209876543209874,0.5679012345679012,0.0,1.0,0.4691358024691358,0.5308641975308642,0.0,0.0,1.0,0.0,0.0,1.0,0.0,0.0,0.32407407407407407,0.0030864197530864196,0.6728395061728395,0.018518518518518517,0.009259259259259259,0.018518518518518517,0.009259259259259259,0.018518518518518517,0.021604938271604937,0.018518518518518517,0.046296296296296294,0.09259259259259259,0.1111111111111111,0.16049382716049382,0.1574074074074074,0.31790123456790126
SOLEDAD,2018,675,0.43407407407407406,0.23703703703703705,0.011851851851851851,0.0014814814814814814,0.21037037037037037,0.008888888888888889,0.0962962962962963,0.5525925925925926,0.0044444444444444444,0.025185185185185185,0.0044444444444444444,0.02962962962962963,0.3837037037037037,0.9851851851851852,0.014814814814814815,0.34074074074074073,0.6592592592592592,0.0,1.0,0.43555555555555553,0.5644444444444444,0.0,0.0,1.0,0.0,0.0,0.9925925925925926,0.007407407407407408,0.0,0.42518518518518517,0.0014814814814814814,0.5733333333333334,0.19555555555555557,0.13037037037037036,0.037037037037037035,0.022222222222222223,0.028148148148148148,0.016296296296296295,0.035555555555555556,0.06222222222222222,0.06962962962962962,0.07851851851851852,0.07555555555555556,0.12444444444444444,0.12444444444444444
SOLEDAD,2019,610,0.4426229508196721,0.16721311475409836,0.006557377049180328,0.001639344262295082,0.2459016393442623,0.009836065573770493,0.12622950819672132,0.5524590163934426,0.003278688524590164,0.02459016393442623,0.003278688524590164,0.011475409836065573,0.40491803278688526,0.9918032786885246,0.00819672131147541,0.30655737704918035,0.6934426229508197,0.001639344262295082,0.9983606557377049,0.4540983606557377,0.5459016393442623,0.0,0.0,1.0,0.0,0.0,1.0,0.0,0.0,0.30491803278688523,0.006557377049180328,0.6885245901639344,0.13442622950819672,0.07868852459016394,0.018032786885245903,0.014754098360655738,0.013114754098360656,0.022950819672131147,0.04426229508196721,0.05245901639344262,0.03114754098360656,0.04262295081967213,0.09016393442622951,0.20163934426229507,0.25573770491803277
SOLEDAD,2020,462,0.44155844155844154,0.22510822510822512,0.030303030303030304,0.0021645021645021645,0.20562770562770563,0.0,0.09523809523809523,0.6233766233766234,0.0,0.04112554112554113,0.015151515151515152,0.030303030303030304,0.29004329004329005,0.9848484848484849,0.015151515151515152,0.36147186147186144,0.6385281385281385,0.0021645021645021645,0.9978354978354979,0.5173160173160173,0.48268398268398266,0.0,0.0,1.0,0.0,0.0,0.9978354978354979,0.0021645021645021645,0.0,0.21861471861471862,0.0,0.7813852813852814,0.4393939393939394,0.23160173160173161,0.08008658008658008,0.012987012987012988,0.008658008658008658,0.012987012987012988,0.006493506493506494,0.008658008658008658,0.01948051948051948,0.021645021645021644,0.021645021645021644,0.04329004329004329,0.09307359307359307
SOLEDAD,2021,1551,0.4796905222437137,0.2198581560283688,0.010315925209542231,0.0006447453255963894,0.20954223081882656,0.0025789813023855577,0.07736943907156674,0.5009671179883946,0.0,0.06447453255963895,0.0038684719535783366,0.016763378465506126,0.41392649903288203,0.9787234042553191,0.02127659574468085,0.3829787234042553,0.6170212765957447,0.0,1.0,0.45390070921985815,0.5460992907801419,0.0,0.0,1.0,0.0,0.0,0.9819471308833011,0.018052869116698903,0.0,0.2385557704706641,0.0038684719535783366,0.7575757575757576,0.016118633139909737,0.016763378465506126,0.008381689232753063,0.0051579626047711154,0.003223726627981947,0.009026434558349452,0.012894906511927788,0.02192134107027724,0.05222437137330754,0.11992263056092843,0.1882656350741457,0.3223726627981947,0.22372662798194712
SOLEDAD,2022,2125,0.5021176470588236,0.24941176470588236,0.00988235294117647,0.0,0.18494117647058825,0.001411764705882353,0.05223529411764706,0.4875294117647059,0.0,0.072,0.0037647058823529413,0.023529411764705882,0.4131764705882353,0.9651764705882353,0.034823529411764705,0.42023529411764704,0.579764705882353,0.0,1.0,0.4677647058823529,0.532235294117647,0.0,0.0,1.0,0.0,0.0,0.9872941176470589,0.012705882352941176,0.0,0.5265882352941177,0.0037647058823529413,0.4696470588235294,0.08658823529411765,0.05552941176470588,0.025411764705882352,0.010823529411764706,0.008,0.01411764705882353,0.028705882352941175,0.04988235294117647,0.064,0.08658823529411765,0.13505882352941176,0.19670588235294117,0.23858823529411766
SOLEDAD,2023,1250,0.452,0.268,0.0256,0.0024,0.172,0.0016,0.0784,0.4416,0.004,0.0568,0.0032,0.012,0.4824,0.984,0.016,0.4688,0.5312,0.0,1.0,0.4592,0.5408,0.0,0.0,1.0,0.0,0.0,0.9976,0.0024,0.0,0.5056,0.0016,0.4928,0.3216,0.168,0.0576,0.0256,0.0392,0.0256,0.0392,0.0816,0.0568,0.0512,0.036,0.0544,0.0432
SUAN,2018,1,0.0,0.0,0.0,0.0,1.0,0.0,0.0,1.0,0.0,0.0,0.0,0.0,0.0,1.0,0.0,1.0,0.0,0.0,1.0,1.0,0.0,0.0,0.0,0.0,0.0,1.0,1.0,0.0,0.0,0.0,0.0,1.0,0.0,0.0,0.0,0.0,0.0,1.0,0.0,0.0,0.0,0.0,0.0,0.0,0.0
SUAN,2019,20,0.3,0.05,0.0,0.0,0.4,0.0,0.25,0.15,0.0,0.0,0.05,0.0,0.8,1.0,0.0,0.7,0.3,0.0,1.0,0.5,0.5,0.0,0.0,0.0,0.0,1.0,1.0,0.0,0.0,0.1,0.05,0.85,0.05,0.05,0.0,0.0,0.0,0.05,0.1,0.05,0.25,0.05,0.05,0.2,0.15
SUAN,2020,15,0.8666666666666667,0.0,0.0,0.0,0.06666666666666667,0.0,0.06666666666666667,0.7333333333333333,0.0,0.06666666666666667,0.0,0.0,0.2,1.0,0.0,0.8666666666666667,0.13333333333333333,0.0,1.0,0.3333333333333333,0.6666666666666666,0.0,0.0,0.0,0.0,1.0,1.0,0.0,0.0,0.06666666666666667,0.0,0.9333333333333333,0.6,0.2,0.06666666666666667,0.13333333333333333,0.0,0.0,0.0,0.0,0.0,0.0,0.0,0.0,0.0
SUAN,2021,4,0.25,0.0,0.0,0.0,0.25,0.0,0.5,0.25,0.0,0.0,0.0,0.0,0.75,1.0,0.0,1.0,0.0,0.0,1.0,0.25,0.75,0.0,0.0,0.0,0.0,1.0,1.0,0.0,0.0,0.0,0.0,1.0,0.0,0.0,0.0,0.0,0.0,0.0,0.0,0.0,0.0,0.0,0.25,0.25,0.5
SUAN,2022,65,0.4,0.1076923076923077,0.046153846153846156,0.0,0.36923076923076925,0.0,0.07692307692307693,0.1076923076923077,0.0,0.06153846153846154,0.0,0.03076923076923077,0.8,0.9384615384615385,0.06153846153846154,0.6461538461538462,0.35384615384615387,0.0,1.0,0.4153846153846154,0.5846153846153846,0.0,0.0,0.0,0.0,1.0,0.9846153846153847,0.0,0.015384615384615385,0.12307692307692308,0.0,0.8769230769230769,0.06153846153846154,0.18461538461538463,0.1076923076923077,0.03076923076923077,0.07692307692307693,0.2153846153846154,0.1076923076923077,0.15384615384615385,0.046153846153846156,0.015384615384615385,0.0,0.0,0.0
SUAN,2023,14,0.35714285714285715,0.07142857142857142,0.0,0.0,0.2857142857142857,0.0,0.2857142857142857,0.14285714285714285,0.0,0.0,0.0,0.0,0.8571428571428571,1.0,0.0,0.8571428571428571,0.14285714285714285,0.0,1.0,0.42857142857142855,0.5714285714285714,0.0,0.0,0.0,0.0,1.0,1.0,0.0,0.0,0.07142857142857142,0.0,0.9285714285714286,0.0,0.0,0.0,0.0,0.0,0.14285714285714285,0.0,0.07142857142857142,0.2857142857142857,0.21428571428571427,0.0,0.2857142857142857,0.0
TUBARÁ,2017,10,0.2,0.5,0.3,0.0,0.0,0.0,0.0,0.4,0.0,0.0,0.0,0.0,0.6,0.9,0.1,0.9,0.1,0.0,1.0,0.4,0.6,0.0,1.0,0.0,0.0,0.0,0.2,0.1,0.7,0.1,0.0,0.9,0.0,0.0,0.0,0.0,0.1,0.0,0.0,0.0,0.0,0.0,0.2,0.7,0.0
TUBARÁ,2018,11,0.2727272727272727,0.2727272727272727,0.0,0.0,0.36363636363636365,0.0,0.09090909090909091,0.7272727272727273,0.0,0.0,0.0,0.0,0.2727272727272727,1.0,0.0,0.7272727272727273,0.2727272727272727,0.0,1.0,0.2727272727272727,0.7272727272727273,0.0,1.0,0.0,0.0,0.0,0.36363636363636365,0.6363636363636364,0.0,0.2727272727272727,0.2727272727272727,0.45454545454545453,0.0,0.0,0.0,0.0,0.0,0.0,0.09090909090909091,0.2727272727272727,0.18181818181818182,0.2727272727272727,0.09090909090909091,0.0,0.09090909090909091
TUBARÁ,2019,4,0.0,0.75,0.0,0.0,0.25,0.0,0.0,0.25,0.0,0.0,0.0,0.0,0.75,0.75,0.25,0.25,0.75,0.0,1.0,0.5,0.5,0.0,1.0,0.0,0.0,0.0,0.5,0.5,0.0,0.25,0.0,0.75,0.25,0.0,0.0,0.0,0.0,0.0,0.25,0.0,0.0,0.0,0.5,0.0,0.0
TUBARÁ,2020,17,0.4117647058823529,0.17647058823529413,0.0,0.0,0.35294117647058826,0.0,0.058823529411764705,0.47058823529411764,0.0,0.0,0.0,0.0,0.5294117647058824,0.9411764705882353,0.058823529411764705,0.7058823529411765,0.29411764705882354,0.058823529411764705,0.9411764705882353,0.7058823529411765,0.29411764705882354,0.0,1.0,0.0,0.0,0.0,0.29411764705882354,0.6470588235294118,0.058823529411764705,0.8235294117647058,0.0,0.17647058823529413,0.23529411764705882,0.5882352941176471,0.058823529411764705,0.0,0.0,0.058823529411764705,0.058823529411764705,0.0,0.0,0.0,0.0,0.0,0.0
TUBARÁ,2021,9,0.3333333333333333,0.2222222222222222,0.1111111111111111,0.0,0.3333333333333333,0.0,0.0,0.4444444444444444,0.0,0.0,0.1111111111111111,0.0,0.4444444444444444,1.0,0.0,0.3333333333333333,0.6666666666666666,0.0,1.0,0.3333333333333333,0.6666666666666666,0.0,1.0,0.0,0.0,0.0,0.4444444444444444,0.5555555555555556,0.0,0.2222222222222222,0.0,0.7777777777777778,0.0,0.0,0.0,0.0,0.1111111111111111,0.0,0.0,0.0,0.1111111111111111,0.0,0.3333333333333333,0.3333333333333333,0.1111111111111111
TUBARÁ,2022,29,0.5172413793103449,0.1724137931034483,0.0,0.0,0.3103448275862069,0.0,0.0,0.41379310344827586,0.0,0.034482758620689655,0.0,0.0,0.5517241379310345,0.9310344827586207,0.06896551724137931,0.3793103448275862,0.6206896551724138,0.0,1.0,0.6206896551724138,0.3793103448275862,0.0,1.0,0.0,0.0,0.0,0.9310344827586207,0.06896551724137931,0.0,0.3448275862068966,0.0,0.6551724137931034,0.034482758620689655,0.034482758620689655,0.034482758620689655,0.034482758620689655,0.034482758620689655,0.0,0.20689655172413793,0.0,0.0,0.034482758620689655,0.2413793103448276,0.3103448275862069,0.034482758620689655
TUBARÁ,2023,4,0.75,0.25,0.0,0.0,0.0,0.0,0.0,0.5,0.0,0.0,0.0,0.0,0.5,1.0,0.0,0.0,1.0,0.0,1.0,0.5,0.5,0.0,1.0,0.0,0.0,0.0,0.75,0.25,0.0,0.5,0.0,0.5,0.0,0.25,0.0,0.25,0.0,0.0,0.25,0.0,0.0,0.0,0.0,0.25,0.0
USIACURÍ,2017,12,0.5,0.3333333333333333,0.08333333333333333,0.0,0.0,0.0,0.08333333333333333,0.16666666666666666,0.0,0.0,0.0,0.0,0.8333333333333334,1.0,0.0,1.0,0.0,0.0,1.0,0.75,0.25,1.0,0.0,0.0,0.0,0.0,0.9166666666666666,0.0,0.08333333333333333,0.0,0.0,1.0,0.0,0.0,0.0,0.08333333333333333,0.08333333333333333,0.08333333333333333,0.0,0.08333333333333333,0.25,0.16666666666666666,0.16666666666666666,0.08333333333333333,0.0
USIACURÍ,2018,18,0.2222222222222222,0.3888888888888889,0.05555555555555555,0.0,0.1111111111111111,0.05555555555555555,0.16666666666666666,0.16666666666666666,0.0,0.0,0.0,0.0,0.8333333333333334,1.0,0.0,1.0,0.0,0.0,1.0,0.6111111111111112,0.3888888888888889,1.0,0.0,0.0,0.0,0.0,0.9444444444444444,0.0,0.05555555555555555,0.0,0.0,1.0,0.05555555555555555,0.0,0.0,0.0,0.0,0.05555555555555555,0.2222222222222222,0.2777777777777778,0.0,0.0,0.1111111111111111,0.16666666666666666,0.1111111111111111
USIACURÍ,2019,7,0.42857142857142855,0.42857142857142855,0.14285714285714285,0.0,0.0,0.0,0.0,0.14285714285714285,0.14285714285714285,0.0,0.0,0.0,0.7142857142857143,0.8571428571428571,0.14285714285714285,0.5714285714285714,0.42857142857142855,0.14285714285714285,0.8571428571428571,0.42857142857142855,0.5714285714285714,1.0,0.0,0.0,0.0,0.0,1.0,0.0,0.0,0.14285714285714285,0.0,0.8571428571428571,0.0,0.2857142857142857,0.0,0.0,0.0,0.0,0.14285714285714285,0.0,0.42857142857142855,0.0,0.0,0.14285714285714285,0.0
USIACURÍ,2020,2,0.5,0.0,0.0,0.0,0.5,0.0,0.0,0.5,0.0,0.0,0.0,0.0,0.5,1.0,0.0,0.5,0.5,0.0,1.0,0.5,0.5,1.0,0.0,0.0,0.0,0.0,1.0,0.0,0.0,0.0,0.0,1.0,0.0,0.5,0.0,0.0,0.0,0.0,0.0,0.0,0.0,0.5,0.0,0.0,0.0
USIACURÍ,2021,2,0.0,0.5,0.0,0.0,0.5,0.0,0.0,0.5,0.0,0.5,0.0,0.0,0.0,1.0,0.0,0.0,1.0,0.0,1.0,0.5,0.5,1.0,0.0,0.0,0.0,0.0,1.0,0.0,0.0,0.5,0.0,0.5,0.0,0.0,0.0,0.0,0.0,0.0,0.0,0.0,0.0,0.0,0.0,0.0,1.0
USIACURÍ,2022,9,0.4444444444444444,0.3333333333333333,0.0,0.0,0.1111111111111111,0.0,0.1111111111111111,0.2222222222222222,0.0,0.0,0.0,0.0,0.7777777777777778,1.0,0.0,0.4444444444444444,0.5555555555555556,0.0,1.0,0.5555555555555556,0.4444444444444444,1.0,0.0,0.0,0.0,0.0,1.0,0.0,0.0,0.1111111111111111,0.0,0.8888888888888888,0.1111111111111111,0.0,0.0,0.0,0.2222222222222222,0.0,0.1111111111111111,0.0,0.0,0.0,0.2222222222222222,0.1111111111111111,0.2222222222222222
USIACURÍ,2023,212,0.5188679245283019,0.12264150943396226,0.009433962264150943,0.0,0.25943396226415094,0.0,0.08962264150943396,0.2028301886792453,0.0047169811320754715,0.018867924528301886,0.0,0.0,0.7735849056603774,1.0,0.0,0.4528301886792453,0.5471698113207547,0.0,1.0,0.4858490566037736,0.5141509433962265,1.0,0.0,0.0,0.0,0.0,0.9952830188679245,0.0047169811320754715,0.0,0.06132075471698113,0.014150943396226415,0.9245283018867925,0.0047169811320754715,0.0,0.0,0.009433962264150943,0.02358490566037736,0.0330188679245283,0.2169811320754717,0.29245283018867924,0.10849056603773585,0.13679245283018868,0.11320754716981132,0.05188679245283019,0.009433962264150943
