municipio,año,numcasos,ciclo_vital_adolescencia,ciclo_vital_adulto,ciclo_vital_adulto_mayor,ciclo_vital_ancianidad,ciclo_vital_infancia,ciclo_vital_menor_de_1_año,ciclo_vital_primera_infancia,regimen_salud_contributivo,regimen_salud_especial,regimen_salud_excepción,regimen_salud_indeterminado,regimen_salud_no_asegurado,regimen_salud_subsidiado,evento_clasico,evento_grave,hospitalizado_no,hospitalizado_si,desenlace_fallecido,desenlace_vivo,sexo_femenino,sexo_masculino,subregion_centro,subregion_costera,subregion_metropolitana,subregion_oriental,subregion_sur,area_cabecera_municipal,area_centro_poblado,area_rural_disperso,tipo_caso_conf_por_laboratorio,tipo_caso_conf_por_nexo,tipo_caso_probable,periodo_1,periodo_2,periodo_3,periodo_4,periodo_5,periodo_6,periodo_7,periodo_8,periodo_9,periodo_10,periodo_11,periodo_12,periodo_13,humedad,precipitacion,dist_rio_1,dist_lag_1,temp_media
BARANOA,2017,7,0.0,0.8571428571428571,0.0,0.0,0.0,0.0,0.1428571428571428,0.4285714285714285,0.0,0.0,0.0,0.0,0.5714285714285714,1.0,0.0,0.2857142857142857,0.7142857142857143,0.0,1.0,0.2857142857142857,0.7142857142857143,1.0,0.0,0.0,0.0,0.0,0.8571428571428571,0.1428571428571428,0.0,0.2857142857142857,0.0,0.7142857142857143,0.0,0.0,0.0,0.0,0.0,0.1428571428571428,0.2857142857142857,0.0,0.0,0.0,0.2857142857142857,0.1428571428571428,0.1428571428571428,91.04126739501952,550048.4390133864,1.275986857905614,17.60367485448971,27.223876953125
BARANOA,2018,162,0.4753086419753086,0.1111111111111111,0.0185185185185185,0.0,0.2777777777777778,0.0,0.1172839506172839,0.3950617283950617,0.0185185185185185,0.0,0.0,0.0123456790123456,0.5740740740740741,0.9753086419753086,0.0246913580246913,0.2037037037037037,0.7962962962962963,0.0061728395061728,0.9938271604938272,0.5061728395061729,0.4938271604938271,1.0,0.0,0.0,0.0,0.0,0.9814814814814816,0.0123456790123456,0.0061728395061728,0.2777777777777778,0.0061728395061728,0.7160493827160493,0.0,0.0061728395061728,0.0,0.0061728395061728,0.0061728395061728,0.0123456790123456,0.0185185185185185,0.0432098765432098,0.0679012345679012,0.1975308641975308,0.1481481481481481,0.1604938271604938,0.3333333333333333,90.86920166015624,469218.2784120514,1.275986857905614,17.60367485448971,27.15025329589844
BARANOA,2019,395,0.5189873417721519,0.0784810126582278,0.0151898734177215,0.0025316455696202,0.2936708860759494,0.0025316455696202,0.0886075949367088,0.240506329113924,0.010126582278481,0.0075949367088607,0.0025316455696202,0.010126582278481,0.7291139240506329,0.979746835443038,0.020253164556962,0.0481012658227848,0.9518987341772152,0.0,1.0,0.4708860759493671,0.529113924050633,1.0,0.0,0.0,0.0,0.0,0.9493670886075948,0.050632911392405,0.0,0.1265822784810126,0.0,0.8734177215189873,0.1392405063291139,0.0379746835443038,0.0481012658227848,0.0050632911392405,0.0126582278481012,0.0075949367088607,0.0151898734177215,0.0379746835443038,0.0683544303797468,0.1063291139240506,0.1367088607594936,0.1696202531645569,0.2151898734177215,90.46469116210938,434414.4670962634,1.275986857905614,17.60367485448971,27.40441131591797
BARANOA,2020,170,0.4352941176470588,0.1,0.0176470588235294,0.0058823529411764,0.3411764705882353,0.0058823529411764,0.0941176470588235,0.2352941176470588,0.0,0.0117647058823529,0.0,0.0588235294117647,0.6941176470588235,0.9823529411764704,0.0176470588235294,0.3,0.7,0.0,1.0,0.5764705882352941,0.4235294117647059,1.0,0.0,0.0,0.0,0.0,0.7823529411764706,0.1647058823529411,0.0529411764705882,0.0705882352941176,0.0058823529411764,0.923529411764706,0.3941176470588235,0.1823529411764705,0.0470588235294117,0.0235294117647058,0.0,0.0058823529411764,0.0,0.0411764705882352,0.0705882352941176,0.0411764705882352,0.0529411764705882,0.0647058823529411,0.0764705882352941,90.61671447753906,546243.9351621221,1.275986857905614,17.60367485448971,27.16470432281494
BARANOA,2021,109,0.5504587155963303,0.073394495412844,0.018348623853211,0.0091743119266055,0.2844036697247706,0.0,0.0642201834862385,0.2752293577981651,0.0,0.0275229357798165,0.0091743119266055,0.0091743119266055,0.6788990825688074,0.9724770642201837,0.0275229357798165,0.2201834862385321,0.7798165137614679,0.0,1.0,0.5137614678899083,0.4862385321100917,1.0,0.0,0.0,0.0,0.0,0.944954128440367,0.036697247706422,0.018348623853211,0.1834862385321101,0.0,0.8165137614678899,0.036697247706422,0.0091743119266055,0.0,0.0091743119266055,0.0,0.0,0.0091743119266055,0.018348623853211,0.0825688073394495,0.2201834862385321,0.1651376146788991,0.2660550458715596,0.1834862385321101,90.45265197753906,547501.4135851925,1.275986857905614,17.60367485448971,26.994431495666504
BARANOA,2022,96,0.3854166666666667,0.2395833333333333,0.0625,0.0,0.2291666666666666,0.0,0.0833333333333333,0.3333333333333333,0.0,0.0416666666666666,0.0,0.0208333333333333,0.6041666666666666,0.9895833333333334,0.0104166666666666,0.1875,0.8125,0.0,1.0,0.3541666666666667,0.6458333333333334,1.0,0.0,0.0,0.0,0.0,0.7395833333333334,0.1458333333333333,0.1145833333333333,0.1875,0.0,0.8125,0.0625,0.0104166666666666,0.0104166666666666,0.0,0.0104166666666666,0.0520833333333333,0.0416666666666666,0.15625,0.125,0.1145833333333333,0.1875,0.15625,0.0729166666666666,91.66358947753906,689034.0819408143,1.275986857905614,17.60367485448971,26.87887954711914
BARANOA,2023,89,0.4943820224719101,0.2134831460674157,0.0449438202247191,0.0112359550561797,0.1685393258426966,0.0112359550561797,0.0561797752808988,0.2921348314606741,0.0337078651685393,0.0112359550561797,0.0,0.0,0.6629213483146067,0.9887640449438202,0.0112359550561797,0.2808988764044944,0.7191011235955056,0.0,1.0,0.5168539325842697,0.4831460674157303,1.0,0.0,0.0,0.0,0.0,0.9775280898876404,0.0224719101123595,0.0,0.2696629213483146,0.0,0.7303370786516854,0.1348314606741573,0.0337078651685393,0.0224719101123595,0.0337078651685393,0.0224719101123595,0.0337078651685393,0.0224719101123595,0.1235955056179775,0.0674157303370786,0.1348314606741573,0.0449438202247191,0.1685393258426966,0.1573033707865168,90.82515716552734,469017.0736795909,1.275986857905614,17.60367485448971,27.514854431152344
CAMPO DE LA CRUZ,2017,4,0.0,0.25,0.0,0.0,0.25,0.0,0.5,0.0,0.0,0.0,0.0,0.0,1.0,1.0,0.0,0.75,0.25,0.0,1.0,0.75,0.25,0.0,0.0,0.0,0.0,1.0,1.0,0.0,0.0,0.0,0.0,1.0,0.0,0.0,0.0,0.25,0.0,0.25,0.0,0.25,0.25,0.0,0.0,0.0,0.0,88.73883819580078,391557.69860685687,0.262271827829908,5.433398254450008,28.343679428100586
CAMPO DE LA CRUZ,2019,30,0.5333333333333333,0.1666666666666666,0.0,0.0,0.0666666666666666,0.0333333333333333,0.2,0.1,0.0,0.0,0.0,0.0333333333333333,0.8666666666666667,0.9666666666666668,0.0333333333333333,0.3,0.7,0.0,1.0,0.4333333333333333,0.5666666666666667,0.0,0.0,0.0,0.0,1.0,1.0,0.0,0.0,0.2666666666666666,0.0,0.7333333333333333,0.0,0.0,0.0,0.0,0.0333333333333333,0.0,0.2333333333333333,0.1333333333333333,0.1333333333333333,0.0666666666666666,0.0666666666666666,0.0666666666666666,0.2666666666666666,88.3021469116211,305777.8848749644,0.262271827829908,5.433398254450008,28.540089607238773
CAMPO DE LA CRUZ,2020,6,0.3333333333333333,0.1666666666666666,0.0,0.0,0.1666666666666666,0.1666666666666666,0.1666666666666666,0.1666666666666666,0.0,0.0,0.0,0.0,0.8333333333333334,1.0,0.0,0.5,0.5,0.0,1.0,0.3333333333333333,0.6666666666666666,0.0,0.0,0.0,0.0,1.0,1.0,0.0,0.0,0.0,0.0,1.0,0.6666666666666666,0.0,0.1666666666666666,0.0,0.0,0.0,0.0,0.1666666666666666,0.0,0.0,0.0,0.0,0.0,88.62660217285156,381519.73769484,0.262271827829908,5.433398254450008,28.192258834838864
CAMPO DE LA CRUZ,2021,15,0.1333333333333333,0.3333333333333333,0.1333333333333333,0.0,0.1333333333333333,0.0,0.2666666666666666,0.2,0.0,0.0,0.0,0.0,0.8,0.8,0.2,0.5333333333333333,0.4666666666666667,0.0,1.0,0.5333333333333333,0.4666666666666667,0.0,0.0,0.0,0.0,1.0,1.0,0.0,0.0,0.5333333333333333,0.0,0.4666666666666667,0.0,0.0,0.0,0.0,0.0,0.0,0.0666666666666666,0.0666666666666666,0.0,0.1333333333333333,0.0666666666666666,0.2,0.4666666666666667,88.5873794555664,373539.155241398,0.262271827829908,5.433398254450008,28.067300796508793
CAMPO DE LA CRUZ,2022,79,0.3417721518987341,0.1518987341772152,0.0253164556962025,0.0,0.3417721518987341,0.0126582278481012,0.1265822784810126,0.0379746835443038,0.0,0.0,0.0759493670886076,0.0253164556962025,0.8607594936708861,0.9620253164556962,0.0379746835443038,0.5189873417721519,0.4810126582278481,0.0,1.0,0.4810126582278481,0.5189873417721519,0.0,0.0,0.0,0.0,1.0,0.9113924050632912,0.0632911392405063,0.0253164556962025,0.6582278481012658,0.0,0.3417721518987341,0.0253164556962025,0.2151898734177215,0.0632911392405063,0.0632911392405063,0.0379746835443038,0.1392405063291139,0.1645569620253164,0.1265822784810126,0.0759493670886076,0.0379746835443038,0.0253164556962025,0.0253164556962025,0.0,89.87853240966797,463243.6593551668,0.262271827829908,5.433398254450008,27.842816352844242
CAMPO DE LA CRUZ,2023,17,0.2352941176470588,0.2352941176470588,0.0,0.0,0.2941176470588235,0.0588235294117647,0.1764705882352941,0.0588235294117647,0.0,0.0588235294117647,0.0588235294117647,0.0,0.8235294117647058,1.0,0.0,0.8235294117647058,0.1764705882352941,0.0,1.0,0.5294117647058824,0.4705882352941176,0.0,0.0,0.0,0.0,1.0,1.0,0.0,0.0,0.8235294117647058,0.0,0.1764705882352941,0.0,0.0,0.0588235294117647,0.0,0.0588235294117647,0.0588235294117647,0.3529411764705882,0.2352941176470588,0.0588235294117647,0.1176470588235294,0.0,0.0,0.0588235294117647,88.44047546386719,340193.4900922155,0.262271827829908,5.433398254450008,28.673089027404785
CANDELARIA,2017,3,0.3333333333333333,0.3333333333333333,0.3333333333333333,0.0,0.0,0.0,0.0,0.3333333333333333,0.0,0.0,0.0,0.0,0.6666666666666666,1.0,0.0,0.3333333333333333,0.6666666666666666,0.0,1.0,0.3333333333333333,0.6666666666666666,0.0,0.0,0.0,0.0,1.0,1.0,0.0,0.0,0.0,0.0,1.0,0.0,0.0,0.0,0.0,0.0,0.0,0.0,0.3333333333333333,0.3333333333333333,0.3333333333333333,0.0,0.0,0.0,90.12515258789062,391557.69860685687,1.044205284417448,4.608124745188931,28.028518676757812
CANDELARIA,2018,1,1.0,0.0,0.0,0.0,0.0,0.0,0.0,0.0,0.0,0.0,0.0,0.0,1.0,1.0,0.0,0.0,1.0,0.0,1.0,0.0,1.0,0.0,0.0,0.0,0.0,1.0,1.0,0.0,0.0,0.0,0.0,1.0,0.0,0.0,0.0,0.0,0.0,0.0,0.0,0.0,0.0,0.0,1.0,0.0,0.0,90.10948181152344,334465.0519275829,1.044205284417448,4.608124745188931,27.98924446105957
CANDELARIA,2019,28,0.3571428571428571,0.1071428571428571,0.0,0.0,0.4642857142857143,0.0,0.0714285714285714,0.25,0.0,0.0,0.0357142857142857,0.0357142857142857,0.6785714285714286,1.0,0.0,0.3214285714285714,0.6785714285714286,0.0,1.0,0.5,0.5,0.0,0.0,0.0,0.0,1.0,0.9642857142857144,0.0357142857142857,0.0,0.1428571428571428,0.0,0.8571428571428571,0.0,0.0,0.0,0.0,0.0357142857142857,0.0357142857142857,0.1071428571428571,0.1071428571428571,0.1071428571428571,0.1071428571428571,0.2857142857142857,0.0714285714285714,0.1428571428571428,89.70257568359375,305777.8848749644,1.044205284417448,4.608124745188931,28.216026306152344
CANDELARIA,2020,2,1.0,0.0,0.0,0.0,0.0,0.0,0.0,0.5,0.0,0.0,0.0,0.0,0.5,1.0,0.0,1.0,0.0,0.0,1.0,1.0,0.0,0.0,0.0,0.0,0.0,1.0,1.0,0.0,0.0,0.0,0.0,1.0,1.0,0.0,0.0,0.0,0.0,0.0,0.0,0.0,0.0,0.0,0.0,0.0,0.0,90.01632690429688,381519.73769484,1.044205284417448,4.608124745188931,27.88378715515137
CANDELARIA,2021,1,0.0,0.0,0.0,0.0,0.0,0.0,1.0,0.0,0.0,0.0,0.0,0.0,1.0,1.0,0.0,1.0,0.0,0.0,1.0,0.0,1.0,0.0,0.0,0.0,0.0,1.0,1.0,0.0,0.0,0.0,0.0,1.0,0.0,0.0,0.0,0.0,0.0,0.0,0.0,0.0,0.0,1.0,0.0,0.0,0.0,89.97857666015625,373539.155241398,1.044205284417448,4.608124745188931,27.76463508605957
CANDELARIA,2022,13,0.5384615384615384,0.0,0.0769230769230769,0.0,0.0,0.0,0.3846153846153846,0.1538461538461538,0.0,0.0,0.0,0.0,0.8461538461538461,0.8461538461538461,0.1538461538461538,0.6923076923076923,0.3076923076923077,0.0,1.0,0.6153846153846154,0.3846153846153846,0.0,0.0,0.0,0.0,1.0,1.0,0.0,0.0,0.5384615384615384,0.0,0.4615384615384615,0.0,0.0,0.0,0.0,0.0769230769230769,0.1538461538461538,0.1538461538461538,0.2307692307692307,0.1538461538461538,0.0,0.1538461538461538,0.0769230769230769,0.0,91.22797393798828,463243.6593551668,1.044205284417448,4.608124745188931,27.55031967163086
CANDELARIA,2023,7,0.5714285714285714,0.2857142857142857,0.0,0.0,0.1428571428571428,0.0,0.0,0.4285714285714285,0.0,0.0,0.0,0.0,0.5714285714285714,0.8571428571428571,0.1428571428571428,0.2857142857142857,0.7142857142857143,0.0,1.0,0.4285714285714285,0.5714285714285714,0.0,0.0,0.0,0.0,1.0,0.5714285714285714,0.4285714285714285,0.0,0.4285714285714285,0.0,0.5714285714285714,0.0,0.2857142857142857,0.0,0.0,0.0,0.0,0.0,0.0,0.5714285714285714,0.0,0.0,0.0,0.1428571428571428,89.83643341064453,340193.4900922155,1.044205284417448,4.608124745188931,28.343040466308594
GALAPA,2017,39,0.2051282051282051,0.4871794871794871,0.0769230769230769,0.0256410256410256,0.1025641025641025,0.0,0.1025641025641025,0.1538461538461538,0.0,0.0,0.0,0.0512820512820512,0.7948717948717948,0.9743589743589745,0.0256410256410256,0.9487179487179488,0.0512820512820512,0.0,1.0,0.4102564102564102,0.5897435897435898,0.0,0.0,1.0,0.0,0.0,0.9743589743589745,0.0256410256410256,0.0,0.0256410256410256,0.0,0.9743589743589745,0.0,0.0512820512820512,0.0512820512820512,0.0256410256410256,0.0512820512820512,0.0769230769230769,0.0256410256410256,0.0,0.0512820512820512,0.1538461538461538,0.282051282051282,0.0512820512820512,0.1794871794871795,89.38328552246094,356540.8429804077,0.728151113212237,12.860763614518282,27.386999130249023
GALAPA,2018,136,0.4852941176470588,0.1691176470588235,0.0220588235294117,0.0,0.1764705882352941,0.0073529411764705,0.1397058823529411,0.2941176470588235,0.0,0.0,0.0073529411764705,0.0220588235294117,0.6764705882352942,0.9852941176470588,0.0147058823529411,0.4044117647058823,0.5955882352941176,0.0,1.0,0.4558823529411764,0.5441176470588235,0.0,0.0,1.0,0.0,0.0,1.0,0.0,0.0,0.3014705882352941,0.0,0.6985294117647058,0.0073529411764705,0.0073529411764705,0.0,0.0147058823529411,0.0220588235294117,0.0073529411764705,0.0294117647058823,0.0441176470588235,0.0220588235294117,0.1764705882352941,0.1397058823529411,0.1838235294117647,0.3455882352941176,89.31324768066406,270510.114852288,0.728151113212237,12.860763614518282,27.202812194824215
GALAPA,2019,62,0.532258064516129,0.1290322580645161,0.0,0.0,0.2096774193548387,0.0,0.1290322580645161,0.2580645161290322,0.0,0.0,0.0,0.0161290322580645,0.7258064516129032,0.9838709677419356,0.0161290322580645,0.3548387096774194,0.6451612903225806,0.0161290322580645,0.9838709677419356,0.4354838709677419,0.5645161290322581,0.0,0.0,1.0,0.0,0.0,0.967741935483871,0.032258064516129,0.0,0.3709677419354839,0.0,0.6290322580645161,0.3870967741935484,0.1290322580645161,0.0161290322580645,0.0483870967741935,0.0,0.0161290322580645,0.0483870967741935,0.0483870967741935,0.032258064516129,0.0483870967741935,0.032258064516129,0.032258064516129,0.1612903225806451,89.6307601928711,295433.5570295216,0.728151113212237,12.860763614518282,27.300464630126953
GALAPA,2020,35,0.5428571428571428,0.1142857142857142,0.0285714285714285,0.0,0.2285714285714285,0.0,0.0857142857142857,0.5428571428571428,0.0,0.0285714285714285,0.0,0.0,0.4285714285714285,1.0,0.0,0.4857142857142857,0.5142857142857142,0.0,1.0,0.5142857142857142,0.4857142857142857,0.0,0.0,1.0,0.0,0.0,1.0,0.0,0.0,0.3142857142857143,0.0,0.6857142857142857,0.6571428571428571,0.1142857142857142,0.0571428571428571,0.0285714285714285,0.0,0.0571428571428571,0.0,0.0,0.0,0.0,0.0,0.0285714285714285,0.0571428571428571,89.58642578125,400126.4269212719,0.728151113212237,12.860763614518282,27.26926136016846
GALAPA,2021,166,0.4397590361445783,0.2771084337349397,0.0180722891566265,0.0,0.216867469879518,0.0,0.0481927710843373,0.4337349397590361,0.0,0.0060240963855421,0.0,0.036144578313253,0.5240963855421686,0.963855421686747,0.036144578313253,0.4698795180722891,0.5301204819277109,0.0,1.0,0.4759036144578313,0.5240963855421686,0.0,0.0,1.0,0.0,0.0,0.9578313253012049,0.0421686746987951,0.0,0.1867469879518072,0.0,0.8132530120481928,0.0421686746987951,0.0180722891566265,0.0,0.0,0.0,0.0060240963855421,0.0,0.0060240963855421,0.036144578313253,0.1746987951807229,0.1686746987951807,0.2951807228915662,0.253012048192771,89.12948608398438,374000.7461156257,0.728151113212237,12.860763614518282,27.129031181335446
GALAPA,2022,362,0.5082872928176796,0.2624309392265193,0.0138121546961325,0.0,0.1657458563535911,0.005524861878453,0.0441988950276243,0.4005524861878453,0.0,0.0193370165745856,0.0,0.0082872928176795,0.5718232044198895,0.9447513812154696,0.0552486187845303,0.4447513812154696,0.5552486187845304,0.0,1.0,0.4696132596685083,0.5303867403314917,0.0,0.0,1.0,0.0,0.0,0.9972375690607734,0.0027624309392265,0.0,0.292817679558011,0.0027624309392265,0.7044198895027625,0.0580110497237569,0.0359116022099447,0.0138121546961325,0.0138121546961325,0.005524861878453,0.0303867403314917,0.0248618784530386,0.1049723756906077,0.1077348066298342,0.1077348066298342,0.1878453038674033,0.1629834254143646,0.1464088397790055,89.61040496826172,539119.4295429203,0.728151113212237,12.860763614518282,27.062308311462406
GALAPA,2023,76,0.4078947368421052,0.2763157894736842,0.0526315789473684,0.0,0.2236842105263158,0.0,0.0394736842105263,0.2894736842105263,0.0131578947368421,0.0131578947368421,0.0,0.0263157894736842,0.6578947368421053,0.986842105263158,0.0131578947368421,0.4868421052631579,0.5131578947368421,0.0,1.0,0.4210526315789473,0.5789473684210527,0.0,0.0,1.0,0.0,0.0,0.986842105263158,0.0131578947368421,0.0,0.3421052631578947,0.0,0.6578947368421053,0.4605263157894737,0.1710526315789473,0.0131578947368421,0.0263157894736842,0.0263157894736842,0.0131578947368421,0.0394736842105263,0.1184210526315789,0.0526315789473684,0.0131578947368421,0.0263157894736842,0.0263157894736842,0.0131578947368421,89.55340576171875,321774.9037373719,0.728151113212237,12.860763614518282,27.515241622924805
JUAN DE ACOSTA,2017,3,0.0,0.6666666666666666,0.0,0.0,0.0,0.3333333333333333,0.0,0.3333333333333333,0.0,0.0,0.0,0.3333333333333333,0.3333333333333333,1.0,0.0,0.3333333333333333,0.6666666666666666,0.0,1.0,0.3333333333333333,0.6666666666666666,0.0,1.0,0.0,0.0,0.0,0.3333333333333333,0.3333333333333333,0.3333333333333333,0.0,0.0,1.0,0.0,0.0,0.0,0.0,0.0,0.0,0.3333333333333333,0.0,0.0,0.0,0.0,0.0,0.6666666666666666,89.68972778320312,334188.09898441785,1.859178163350998,10.258566363420968,27.277567863464355
JUAN DE ACOSTA,2018,49,0.3469387755102041,0.1224489795918367,0.0,0.0,0.2857142857142857,0.0,0.2448979591836734,0.2244897959183673,0.0,0.0,0.0,0.0612244897959183,0.7142857142857143,1.0,0.0,0.3673469387755102,0.6326530612244898,0.0,1.0,0.4897959183673469,0.5102040816326531,0.0,1.0,0.0,0.0,0.0,0.8163265306122449,0.1428571428571428,0.0408163265306122,0.2857142857142857,0.0,0.7142857142857143,0.0204081632653061,0.0,0.0,0.0204081632653061,0.1020408163265306,0.0612244897959183,0.0408163265306122,0.0816326530612244,0.1428571428571428,0.1224489795918367,0.0816326530612244,0.1020408163265306,0.2244897959183673,88.66046905517578,241351.89145142084,1.859178163350998,10.258566363420968,27.395814895629883
JUAN DE ACOSTA,2019,34,0.3823529411764705,0.2058823529411764,0.0,0.0,0.2941176470588235,0.0,0.1176470588235294,0.2352941176470588,0.0,0.0,0.0,0.0294117647058823,0.7352941176470589,1.0,0.0,0.3529411764705882,0.6470588235294118,0.0,1.0,0.5588235294117647,0.4411764705882353,0.0,1.0,0.0,0.0,0.0,0.8235294117647058,0.1176470588235294,0.0588235294117647,0.4411764705882353,0.0294117647058823,0.5294117647058824,0.2058823529411764,0.0,0.1176470588235294,0.0294117647058823,0.0294117647058823,0.0,0.088235294117647,0.1176470588235294,0.088235294117647,0.0294117647058823,0.0588235294117647,0.1764705882352941,0.0588235294117647,87.79708099365234,214347.74718937807,1.859178163350998,10.258566363420968,27.757192611694336
JUAN DE ACOSTA,2020,9,0.0,0.4444444444444444,0.0,0.0,0.3333333333333333,0.0,0.2222222222222222,0.5555555555555556,0.0,0.0,0.0,0.1111111111111111,0.3333333333333333,1.0,0.0,0.2222222222222222,0.7777777777777778,0.0,1.0,0.6666666666666666,0.3333333333333333,0.0,1.0,0.0,0.0,0.0,0.7777777777777778,0.1111111111111111,0.1111111111111111,0.0,0.0,1.0,0.2222222222222222,0.0,0.3333333333333333,0.0,0.0,0.0,0.0,0.0,0.0,0.1111111111111111,0.0,0.1111111111111111,0.2222222222222222,88.4839096069336,300657.8360249273,1.859178163350998,10.258566363420968,27.41796493530274
JUAN DE ACOSTA,2021,27,0.4444444444444444,0.1851851851851851,0.0,0.0,0.1851851851851851,0.037037037037037,0.1481481481481481,0.2222222222222222,0.0,0.0,0.0,0.1111111111111111,0.6666666666666666,1.0,0.0,0.3703703703703703,0.6296296296296297,0.0,1.0,0.5925925925925926,0.4074074074074074,0.0,1.0,0.0,0.0,0.0,0.8148148148148148,0.1481481481481481,0.037037037037037,0.2592592592592592,0.0,0.7407407407407407,0.1111111111111111,0.037037037037037,0.0,0.0,0.0,0.1111111111111111,0.0,0.037037037037037,0.1481481481481481,0.037037037037037,0.074074074074074,0.3333333333333333,0.1111111111111111,88.74942016601562,314017.8409539347,1.859178163350998,10.258566363420968,27.107683181762695
JUAN DE ACOSTA,2022,99,0.5555555555555556,0.1414141414141414,0.0202020202020202,0.0,0.1919191919191919,0.0,0.0909090909090909,0.2121212121212121,0.0,0.0202020202020202,0.0101010101010101,0.0606060606060606,0.696969696969697,0.9494949494949496,0.0505050505050505,0.2222222222222222,0.7777777777777778,0.0,1.0,0.4646464646464646,0.5353535353535354,0.0,1.0,0.0,0.0,0.0,0.9393939393939394,0.0606060606060606,0.0,0.2121212121212121,0.0,0.7878787878787878,0.0808080808080808,0.0303030303030303,0.0101010101010101,0.0,0.0101010101010101,0.0202020202020202,0.1515151515151515,0.0505050505050505,0.0303030303030303,0.0707070707070707,0.1919191919191919,0.1414141414141414,0.2121212121212121,90.12423706054688,447573.3034850473,1.859178163350998,10.258566363420968,26.922268867492676
JUAN DE ACOSTA,2023,31,0.5161290322580645,0.2580645161290322,0.032258064516129,0.0,0.1935483870967742,0.0,0.0,0.2903225806451613,0.0,0.0,0.0,0.0,0.7096774193548387,0.967741935483871,0.032258064516129,0.2580645161290322,0.7419354838709677,0.0,1.0,0.4838709677419355,0.5161290322580645,0.0,1.0,0.0,0.0,0.0,0.8387096774193549,0.1612903225806451,0.0,0.1935483870967742,0.0,0.8064516129032258,0.2580645161290322,0.2580645161290322,0.1612903225806451,0.0,0.032258064516129,0.064516129032258,0.064516129032258,0.0967741935483871,0.032258064516129,0.0,0.0,0.0,0.032258064516129,88.96965026855469,275412.42767155985,1.859178163350998,10.258566363420968,27.637733459472656
LURUACO,2017,13,0.0769230769230769,0.5384615384615384,0.2307692307692307,0.0769230769230769,0.0,0.0,0.0769230769230769,0.0769230769230769,0.0,0.0,0.0,0.0769230769230769,0.8461538461538461,1.0,0.0,0.7692307692307693,0.2307692307692307,0.0,1.0,0.3846153846153846,0.6153846153846154,1.0,0.0,0.0,0.0,0.0,0.6923076923076923,0.2307692307692307,0.0769230769230769,0.0,0.0,1.0,0.1538461538461538,0.0,0.0,0.1538461538461538,0.1538461538461538,0.1538461538461538,0.2307692307692307,0.0,0.0,0.1538461538461538,0.0,0.0,0.0,44.42633056640625,167094.04949220893,1.906556563719911,1.591647379259128,13.868968486785889
LURUACO,2018,5,0.4,0.2,0.0,0.0,0.0,0.0,0.4,0.4,0.0,0.0,0.0,0.0,0.6,1.0,0.0,0.2,0.8,0.0,1.0,0.6,0.4,1.0,0.0,0.0,0.0,0.0,1.0,0.0,0.0,0.2,0.0,0.8,0.0,0.0,0.0,0.0,0.0,0.0,0.0,0.0,0.4,0.0,0.0,0.0,0.6,43.9827766418457,120675.94572571042,1.906556563719911,1.591647379259128,13.93838882446289
LURUACO,2019,49,0.2653061224489796,0.0408163265306122,0.0204081632653061,0.0,0.4285714285714285,0.0,0.2448979591836734,0.1836734693877551,0.0,0.0,0.0,0.0204081632653061,0.7959183673469388,0.9591836734693876,0.0408163265306122,0.1428571428571428,0.8571428571428571,0.0,1.0,0.4897959183673469,0.5102040816326531,1.0,0.0,0.0,0.0,0.0,0.6938775510204082,0.3061224489795918,0.0,0.1224489795918367,0.0,0.8775510204081632,0.0,0.0204081632653061,0.0,0.0204081632653061,0.0204081632653061,0.0,0.0204081632653061,0.0204081632653061,0.0204081632653061,0.0612244897959183,0.2244897959183673,0.2857142857142857,0.3061224489795918,43.61069869995117,107173.87359468904,1.906556563719911,1.591647379259128,14.121945858001709
LURUACO,2020,31,0.6129032258064516,0.032258064516129,0.0,0.0,0.1935483870967742,0.032258064516129,0.1290322580645161,0.1612903225806451,0.0,0.032258064516129,0.0,0.0,0.8064516129032258,1.0,0.0,0.2258064516129032,0.7741935483870968,0.0,1.0,0.6129032258064516,0.3870967741935484,1.0,0.0,0.0,0.0,0.0,0.7741935483870968,0.2258064516129032,0.0,0.1290322580645161,0.0,0.8709677419354839,0.6129032258064516,0.2258064516129032,0.064516129032258,0.032258064516129,0.0,0.0,0.0,0.0,0.0,0.0,0.032258064516129,0.0,0.032258064516129,43.906776428222656,150328.91801246366,1.906556563719911,1.591647379259128,13.944215297698975
LURUACO,2021,168,0.5357142857142857,0.0714285714285714,0.0059523809523809,0.0,0.2916666666666667,0.0059523809523809,0.0892857142857142,0.0357142857142857,0.0,0.0357142857142857,0.0,0.0297619047619047,0.8988095238095238,0.988095238095238,0.0119047619047619,0.1607142857142857,0.8392857142857143,0.0,1.0,0.5059523809523809,0.494047619047619,1.0,0.0,0.0,0.0,0.0,0.9523809523809524,0.0476190476190476,0.0,0.0476190476190476,0.0,0.9523809523809524,0.0119047619047619,0.0,0.0059523809523809,0.0,0.0059523809523809,0.0,0.0357142857142857,0.0654761904761904,0.375,0.3154761904761904,0.1607142857142857,0.0119047619047619,0.0119047619047619,44.02111053466797,157008.92047696735,1.906556563719911,1.591647379259128,13.786002159118652
LURUACO,2022,12,0.25,0.0833333333333333,0.0833333333333333,0.0,0.5,0.0,0.0833333333333333,0.0833333333333333,0.0,0.0,0.0,0.0,0.9166666666666666,0.8333333333333334,0.1666666666666666,0.1666666666666666,0.8333333333333334,0.0,1.0,0.5,0.5,1.0,0.0,0.0,0.0,0.0,0.8333333333333334,0.1666666666666666,0.0,0.1666666666666666,0.0,0.8333333333333334,0.25,0.0833333333333333,0.0833333333333333,0.0,0.0,0.0,0.1666666666666666,0.0,0.0,0.0833333333333333,0.1666666666666666,0.1666666666666666,0.0,44.613582611083984,223786.65174252365,1.906556563719911,1.591647379259128,13.693489074707031
LURUACO,2023,6,0.3333333333333333,0.1666666666666666,0.0,0.0,0.1666666666666666,0.0,0.3333333333333333,0.3333333333333333,0.0,0.0,0.0,0.0,0.6666666666666666,1.0,0.0,0.1666666666666666,0.8333333333333334,0.0,1.0,0.6666666666666666,0.3333333333333333,1.0,0.0,0.0,0.0,0.0,0.5,0.5,0.0,0.3333333333333333,0.0,0.6666666666666666,0.0,0.1666666666666666,0.1666666666666666,0.0,0.0,0.1666666666666666,0.0,0.0,0.0,0.1666666666666666,0.1666666666666666,0.1666666666666666,0.0,44.11602020263672,137706.21383577993,1.906556563719911,1.591647379259128,14.058854579925537
MALAMBO,2017,22,0.2272727272727272,0.5,0.0,0.0,0.1363636363636363,0.0,0.1363636363636363,0.3181818181818182,0.0,0.0454545454545454,0.0,0.0454545454545454,0.5909090909090909,1.0,0.0,0.5909090909090909,0.4090909090909091,0.0,1.0,0.5454545454545454,0.4545454545454545,0.0,0.0,1.0,0.0,0.0,1.0,0.0,0.0,0.1363636363636363,0.0,0.8636363636363636,0.0,0.0,0.0454545454545454,0.0,0.0454545454545454,0.1363636363636363,0.0,0.0454545454545454,0.1818181818181818,0.0,0.0,0.2727272727272727,0.2727272727272727,89.14166768391927,421043.3749914006,0.963124270240725,4.55644505974474,27.73102569580078
MALAMBO,2018,157,0.3375796178343949,0.2101910828025477,0.0318471337579617,0.0,0.2547770700636942,0.0,0.1656050955414012,0.3885350318471338,0.0,0.0063694267515923,0.0,0.0445859872611464,0.5605095541401274,0.9808917197452228,0.019108280254777,0.375796178343949,0.6242038216560509,0.0,1.0,0.5095541401273885,0.4904458598726114,0.0,0.0,1.0,0.0,0.0,1.0,0.0,0.0,0.2993630573248407,0.0063694267515923,0.6942675159235668,0.0318471337579617,0.0445859872611464,0.019108280254777,0.0382165605095541,0.0509554140127388,0.0891719745222929,0.1464968152866242,0.10828025477707,0.0891719745222929,0.0700636942675159,0.0764331210191082,0.1210191082802547,0.1146496815286624,89.04589080810547,336746.1693722091,0.963124270240725,4.55644505974474,27.582736015319824
MALAMBO,2019,164,0.4390243902439024,0.1341463414634146,0.0121951219512195,0.0,0.3170731707317073,0.0060975609756097,0.0914634146341463,0.4268292682926829,0.0121951219512195,0.024390243902439,0.0,0.024390243902439,0.5121951219512195,0.9695121951219512,0.0304878048780487,0.3292682926829268,0.6707317073170732,0.0,1.0,0.5609756097560976,0.4390243902439024,0.0,0.0,1.0,0.0,0.0,0.9817073170731708,0.0121951219512195,0.0060975609756097,0.2439024390243902,0.0,0.7560975609756098,0.1219512195121951,0.0975609756097561,0.0609756097560975,0.073170731707317,0.0426829268292682,0.024390243902439,0.0426829268292682,0.024390243902439,0.0304878048780487,0.024390243902439,0.0914634146341463,0.1646341463414634,0.2012195121951219,89.12086741129558,341760.5270517689,0.963124270240725,4.55644505974474,27.733185450236
MALAMBO,2020,221,0.5158371040723982,0.1628959276018099,0.0135746606334841,0.0,0.2171945701357466,0.0090497737556561,0.0814479638009049,0.4660633484162896,0.0,0.0361990950226244,0.0090497737556561,0.0316742081447963,0.4570135746606334,0.9773755656108596,0.0226244343891402,0.253393665158371,0.746606334841629,0.0,1.0,0.4570135746606334,0.5429864253393665,0.0,0.0,1.0,0.0,0.0,0.9773755656108596,0.0090497737556561,0.0135746606334841,0.1809954751131221,0.0,0.8190045248868778,0.1990950226244343,0.1493212669683258,0.1266968325791855,0.0633484162895927,0.0361990950226244,0.0180995475113122,0.0090497737556561,0.0090497737556561,0.0316742081447963,0.0950226244343891,0.0588235294117647,0.0723981900452488,0.1312217194570135,89.14006042480469,448832.26300155534,0.963124270240725,4.55644505974474,27.6314328511556
MALAMBO,2021,730,0.4287671232876712,0.0931506849315068,0.0027397260273972,0.0,0.3410958904109589,0.0068493150684931,0.1273972602739726,0.3273972602739726,0.0,0.0383561643835616,0.0013698630136986,0.0465753424657534,0.5863013698630137,0.9821917808219178,0.0178082191780821,0.2328767123287671,0.7671232876712328,0.0,1.0,0.4876712328767123,0.5123287671232877,0.0,0.0,1.0,0.0,0.0,0.9821917808219178,0.0164383561643835,0.0013698630136986,0.1712328767123287,0.0,0.8287671232876712,0.0287671232876712,0.0301369863013698,0.0397260273972602,0.021917808219178,0.0123287671232876,0.0136986301369863,0.036986301369863,0.0986301369863013,0.1671232876712328,0.1863013698630137,0.1671232876712328,0.1287671232876712,0.0684931506849315,88.80518086751302,431834.3019388146,0.963124270240725,4.55644505974474,27.480588912963867
MALAMBO,2022,245,0.4326530612244898,0.2,0.0040816326530612,0.0040816326530612,0.2530612244897959,0.0081632653061224,0.0979591836734693,0.4081632653061224,0.0,0.073469387755102,0.0081632653061224,0.0081632653061224,0.5020408163265306,0.9428571428571428,0.0571428571428571,0.2897959183673469,0.710204081632653,0.0,1.0,0.4938775510204081,0.5061224489795918,0.0,0.0,1.0,0.0,0.0,0.9673469387755104,0.0326530612244898,0.0,0.4081632653061224,0.0081632653061224,0.5836734693877551,0.0775510204081632,0.0448979591836734,0.0448979591836734,0.0285714285714285,0.0326530612244898,0.0408163265306122,0.0408163265306122,0.0530612244897959,0.0571428571428571,0.0938775510204081,0.1673469387755102,0.1387755102040816,0.1795918367346938,89.47176361083984,589090.9803422183,0.963124270240725,4.55644505974474,27.39982509613037
MALAMBO,2023,158,0.4050632911392405,0.2468354430379747,0.0253164556962025,0.0,0.2594936708860759,0.0126582278481012,0.050632911392405,0.2658227848101265,0.0063291139240506,0.0316455696202531,0.0,0.0696202531645569,0.6265822784810127,1.0,0.0,0.3544303797468354,0.6455696202531646,0.0,1.0,0.4430379746835443,0.5569620253164557,0.0,0.0,1.0,0.0,0.0,0.9683544303797468,0.0253164556962025,0.0063291139240506,0.4367088607594936,0.0,0.5632911392405063,0.1772151898734177,0.1582278481012658,0.1518987341772152,0.0632911392405063,0.0316455696202531,0.0253164556962025,0.050632911392405,0.0632911392405063,0.0886075949367088,0.0759493670886076,0.0379746835443038,0.0379746835443038,0.0379746835443038,89.18203226725261,370855.6270514449,0.963124270240725,4.55644505974474,27.91512203216553
MANATÍ,2017,4,0.25,0.75,0.0,0.0,0.0,0.0,0.0,0.25,0.0,0.0,0.0,0.25,0.5,1.0,0.0,0.5,0.5,0.0,1.0,0.75,0.25,0.0,0.0,0.0,0.0,1.0,1.0,0.0,0.0,0.0,0.0,1.0,0.0,0.0,0.0,0.0,0.0,0.0,0.0,0.0,0.0,0.25,0.0,0.5,0.25,88.30472564697266,364759.4959648015,1.595381567945146,5.478245445148,28.300938606262207
MANATÍ,2018,4,0.0,0.0,0.0,0.0,0.0,0.0,1.0,0.25,0.0,0.0,0.0,0.5,0.25,1.0,0.0,0.0,1.0,0.0,1.0,1.0,0.0,0.0,0.0,0.0,0.0,1.0,1.0,0.0,0.0,0.0,0.0,1.0,0.5,0.0,0.0,0.0,0.0,0.0,0.0,0.0,0.0,0.0,0.5,0.0,0.0,88.13671112060547,303922.06152697135,1.595381567945146,5.478245445148,28.32093906402588
MANATÍ,2019,49,0.4693877551020408,0.1428571428571428,0.0,0.0,0.1428571428571428,0.0204081632653061,0.2244897959183673,0.0816326530612244,0.0,0.0,0.0,0.0408163265306122,0.8775510204081632,0.979591836734694,0.0204081632653061,0.3265306122448979,0.673469387755102,0.0,1.0,0.3673469387755102,0.6326530612244898,0.0,0.0,0.0,0.0,1.0,0.9183673469387756,0.0816326530612244,0.0,0.0408163265306122,0.0,0.9591836734693876,0.0,0.0,0.0408163265306122,0.0,0.0816326530612244,0.0,0.2040816326530612,0.2040816326530612,0.1428571428571428,0.0612244897959183,0.0816326530612244,0.1632653061224489,0.0204081632653061,87.39611053466797,266313.205193918,1.595381567945146,5.478245445148,28.74146842956543
MANATÍ,2020,6,0.1666666666666666,0.3333333333333333,0.0,0.0,0.0,0.0,0.5,0.0,0.0,0.0,0.0,0.0,1.0,1.0,0.0,0.6666666666666666,0.3333333333333333,0.0,1.0,0.5,0.5,0.0,0.0,0.0,0.0,1.0,1.0,0.0,0.0,0.0,0.0,1.0,0.0,0.0,0.0,0.0,0.1666666666666666,0.0,0.0,0.1666666666666666,0.1666666666666666,0.1666666666666666,0.1666666666666666,0.1666666666666666,0.0,87.49669647216797,313398.2946734448,1.595381567945146,5.478245445148,28.41872501373291
MANATÍ,2021,48,0.4791666666666667,0.1041666666666666,0.0,0.0,0.2708333333333333,0.0,0.1458333333333333,0.0416666666666666,0.0,0.0,0.0,0.0416666666666666,0.9166666666666666,1.0,0.0,0.3125,0.6875,0.0,1.0,0.5416666666666666,0.4583333333333333,0.0,0.0,0.0,0.0,1.0,1.0,0.0,0.0,0.1041666666666666,0.0,0.8958333333333334,0.0,0.0,0.0,0.0,0.0,0.0,0.0208333333333333,0.0208333333333333,0.0208333333333333,0.2916666666666667,0.3125,0.2291666666666666,0.1041666666666666,87.85797119140625,348982.6209529785,1.595381567945146,5.478245445148,28.111873626708984
MANATÍ,2022,137,0.5620437956204379,0.0948905109489051,0.0145985401459854,0.0072992700729927,0.2262773722627737,0.0,0.0948905109489051,0.0437956204379562,0.0,0.0072992700729927,0.0218978102189781,0.0364963503649635,0.8905109489051095,0.9562043795620438,0.0437956204379562,0.3211678832116788,0.6788321167883211,0.0,1.0,0.4671532846715328,0.5328467153284672,0.0,0.0,0.0,0.0,1.0,0.9927007299270072,0.0,0.0072992700729927,0.3722627737226277,0.0,0.6277372262773723,0.0437956204379562,0.0291970802919708,0.0437956204379562,0.0291970802919708,0.0802919708029197,0.1824817518248175,0.1751824817518248,0.2116788321167883,0.1167883211678832,0.0656934306569343,0.0072992700729927,0.0145985401459854,0.0,88.86631774902344,438751.0360493072,1.595381567945146,5.478245445148,27.872479438781735
MANATÍ,2023,9,0.3333333333333333,0.1111111111111111,0.2222222222222222,0.1111111111111111,0.1111111111111111,0.0,0.1111111111111111,0.0,0.0,0.0,0.0,0.0,1.0,1.0,0.0,0.4444444444444444,0.5555555555555556,0.0,1.0,0.6666666666666666,0.3333333333333333,0.0,0.0,0.0,0.0,1.0,0.7777777777777778,0.1111111111111111,0.1111111111111111,0.4444444444444444,0.0,0.5555555555555556,0.1111111111111111,0.1111111111111111,0.1111111111111111,0.0,0.1111111111111111,0.0,0.1111111111111111,0.2222222222222222,0.1111111111111111,0.0,0.0,0.1111111111111111,0.0,87.96309661865234,307207.62678143097,1.595381567945146,5.478245445148,28.70238590240478
PALMAR DE VARELA,2017,10,0.2,0.4,0.0,0.0,0.1,0.1,0.2,0.3,0.0,0.0,0.0,0.1,0.6,1.0,0.0,0.8,0.2,0.0,1.0,0.3,0.7,0.0,0.0,0.0,1.0,0.0,1.0,0.0,0.0,0.0,0.0,1.0,0.0,0.0,0.1,0.0,0.6,0.1,0.1,0.0,0.0,0.1,0.0,0.0,0.0,89.96725463867188,550048.4390133864,0.692781004963048,2.75998823289286,28.019349098205566
PALMAR DE VARELA,2018,6,0.1666666666666666,0.3333333333333333,0.0,0.0,0.5,0.0,0.0,0.3333333333333333,0.0,0.0,0.0,0.0,0.6666666666666666,1.0,0.0,0.8333333333333334,0.1666666666666666,0.0,1.0,0.6666666666666666,0.3333333333333333,0.0,0.0,0.0,1.0,0.0,1.0,0.0,0.0,0.1666666666666666,0.0,0.8333333333333334,0.0,0.0,0.0,0.0,0.1666666666666666,0.0,0.0,0.0,0.0,0.0,0.1666666666666666,0.3333333333333333,0.3333333333333333,89.84935760498047,469218.2784120514,0.692781004963048,2.75998823289286,27.94440269470215
PALMAR DE VARELA,2019,23,0.3478260869565217,0.1739130434782608,0.0,0.0,0.3043478260869565,0.0,0.1739130434782608,0.1739130434782608,0.0,0.0434782608695652,0.0,0.0,0.782608695652174,0.9565217391304348,0.0434782608695652,0.4782608695652174,0.5217391304347826,0.0,1.0,0.4347826086956521,0.5652173913043478,0.0,0.0,0.0,1.0,0.0,0.9565217391304348,0.0434782608695652,0.0,0.2608695652173913,0.0,0.7391304347826086,0.217391304347826,0.0869565217391304,0.0,0.0,0.0434782608695652,0.0,0.217391304347826,0.3043478260869565,0.0,0.0,0.0434782608695652,0.0869565217391304,0.0,89.57218170166016,434414.4670962634,0.692781004963048,2.75998823289286,28.200956344604492
PALMAR DE VARELA,2020,16,0.1875,0.375,0.125,0.0,0.1875,0.0625,0.0625,0.3125,0.0,0.125,0.0,0.0625,0.5,1.0,0.0,0.6875,0.3125,0.0,1.0,0.625,0.375,0.0,0.0,0.0,1.0,0.0,1.0,0.0,0.0,0.1875,0.0,0.8125,0.1875,0.6875,0.0625,0.0,0.0625,0.0,0.0,0.0,0.0,0.0,0.0,0.0,0.0,89.67851257324219,546243.9351621221,0.692781004963048,2.75998823289286,27.954599380493164
PALMAR DE VARELA,2021,8,0.375,0.0,0.0,0.0,0.375,0.0,0.25,0.375,0.0,0.0,0.0,0.0,0.625,1.0,0.0,0.625,0.375,0.0,1.0,0.625,0.375,0.0,0.0,0.0,1.0,0.0,1.0,0.0,0.0,0.125,0.0,0.875,0.0,0.0,0.0,0.0,0.0,0.0,0.0,0.0,0.0,0.25,0.25,0.375,0.125,89.56393432617188,547501.4135851925,0.692781004963048,2.75998823289286,27.782797813415527
PALMAR DE VARELA,2022,16,0.4375,0.25,0.125,0.0,0.125,0.0,0.0625,0.375,0.0,0.0,0.0,0.0,0.625,0.9375,0.0625,0.3125,0.6875,0.0,1.0,0.625,0.375,0.0,0.0,0.0,1.0,0.0,0.875,0.0625,0.0625,0.25,0.0,0.75,0.0625,0.0,0.0,0.125,0.0,0.0,0.0,0.25,0.0625,0.0,0.0625,0.3125,0.125,90.39368438720705,689034.0819408143,0.692781004963048,2.75998823289286,27.671805381774902
PALMAR DE VARELA,2023,31,0.4193548387096774,0.1612903225806451,0.0,0.0,0.1935483870967742,0.0,0.2258064516129032,0.3225806451612903,0.0,0.032258064516129,0.032258064516129,0.064516129032258,0.5483870967741935,1.0,0.0,0.6129032258064516,0.3870967741935484,0.0,1.0,0.5806451612903226,0.4193548387096774,0.0,0.0,0.0,1.0,0.0,1.0,0.0,0.0,0.1612903225806451,0.0,0.8387096774193549,0.1290322580645161,0.0967741935483871,0.032258064516129,0.1290322580645161,0.1612903225806451,0.032258064516129,0.032258064516129,0.0967741935483871,0.064516129032258,0.1290322580645161,0.064516129032258,0.032258064516129,0.0,89.81917572021484,469017.0736795909,0.692781004963048,2.75998823289286,28.318632125854492
PIOJÓ,2018,7,0.2857142857142857,0.2857142857142857,0.2857142857142857,0.0,0.1428571428571428,0.0,0.0,0.5714285714285714,0.0,0.0,0.0,0.0,0.4285714285714285,1.0,0.0,1.0,0.0,0.0,1.0,0.5714285714285714,0.4285714285714285,0.0,1.0,0.0,0.0,0.0,1.0,0.0,0.0,0.0,0.7142857142857143,0.2857142857142857,0.0,0.0,0.0,0.0,0.1428571428571428,0.8571428571428571,0.0,0.0,0.0,0.0,0.0,0.0,0.0,29.36191813151041,80450.63048380695,3.430433480718549,7.954901154354912,9.233839670817058
PIOJÓ,2020,6,0.6666666666666666,0.1666666666666666,0.0,0.0,0.1666666666666666,0.0,0.0,0.8333333333333334,0.0,0.1666666666666666,0.0,0.0,0.0,1.0,0.0,0.0,1.0,0.0,1.0,0.3333333333333333,0.6666666666666666,0.0,1.0,0.0,0.0,0.0,1.0,0.0,0.0,0.1666666666666666,0.0,0.8333333333333334,0.0,0.0,0.3333333333333333,0.6666666666666666,0.0,0.0,0.0,0.0,0.0,0.0,0.0,0.0,0.0,29.300371805826824,100219.27867497578,3.430433480718549,7.954901154354912,9.239184379577637
PIOJÓ,2021,10,0.2,0.1,0.0,0.0,0.6,0.0,0.1,0.1,0.0,0.0,0.0,0.0,0.9,1.0,0.0,0.1,0.9,0.0,1.0,0.6,0.4,0.0,1.0,0.0,0.0,0.0,0.7,0.3,0.0,0.1,0.0,0.9,0.1,0.1,0.1,0.0,0.0,0.0,0.0,0.0,0.0,0.4,0.2,0.1,0.0,29.39288584391276,104672.61365131156,3.430433480718549,7.954901154354912,9.133849779764812
PIOJÓ,2022,10,0.3,0.1,0.0,0.0,0.3,0.0,0.3,0.0,0.0,0.0,0.0,0.0,1.0,0.9,0.1,0.3,0.7,0.0,1.0,0.7,0.3,0.0,1.0,0.0,0.0,0.0,1.0,0.0,0.0,0.1,0.0,0.9,0.0,0.0,0.1,0.0,0.2,0.3,0.1,0.0,0.0,0.1,0.0,0.0,0.2,29.8715337117513,149191.10116168245,3.430433480718549,7.954901154354912,9.07174301147461
PIOJÓ,2023,36,0.5555555555555556,0.0555555555555555,0.0,0.0,0.3333333333333333,0.0,0.0555555555555555,0.0833333333333333,0.0,0.0,0.0,0.0,0.9166666666666666,0.9722222222222222,0.0277777777777777,0.3055555555555556,0.6944444444444444,0.0,1.0,0.3055555555555556,0.6944444444444444,0.0,1.0,0.0,0.0,0.0,0.75,0.0833333333333333,0.1666666666666666,0.0833333333333333,0.0,0.9166666666666666,0.0,0.0,0.0,0.0,0.0,0.0,0.0555555555555555,0.0833333333333333,0.1666666666666666,0.5277777777777778,0.0,0.0833333333333333,0.0833333333333333,29.469561258951824,91804.1425571866,3.430433480718549,7.954901154354912,9.314776420593262
POLONUEVO,2017,5,0.0,0.4,0.0,0.0,0.2,0.0,0.4,0.0,0.0,0.0,0.0,0.0,1.0,1.0,0.0,0.8,0.2,0.0,1.0,0.0,1.0,1.0,0.0,0.0,0.0,0.0,1.0,0.0,0.0,0.0,0.0,1.0,0.0,0.0,0.0,0.0,0.0,0.0,0.0,0.2,0.2,0.0,0.2,0.4,0.0,90.10630289713542,550048.4390133864,0.058357962997487,10.99447512538042,27.731441179911297
POLONUEVO,2018,199,0.457286432160804,0.0954773869346733,0.0050251256281407,0.0,0.3065326633165829,0.0,0.135678391959799,0.4020100502512563,0.0050251256281407,0.0,0.0,0.0050251256281407,0.5879396984924623,0.9899497487437184,0.0100502512562814,0.3618090452261306,0.6381909547738693,0.0050251256281407,0.9949748743718592,0.4472361809045226,0.5527638190954773,1.0,0.0,0.0,0.0,0.0,0.9899497487437184,0.0100502512562814,0.0,0.1809045226130653,0.0,0.8190954773869347,0.0100502512562814,0.0050251256281407,0.0,0.0,0.0050251256281407,0.0251256281407035,0.0703517587939698,0.0301507537688442,0.0552763819095477,0.1055276381909547,0.3065326633165829,0.2964824120603015,0.0904522613065326,89.9574686686198,469218.2784120513,0.058357962997487,10.99447512538042,27.657020568847656
POLONUEVO,2019,116,0.4741379310344827,0.1810344827586207,0.0086206896551724,0.0,0.2413793103448276,0.0086206896551724,0.0862068965517241,0.2844827586206896,0.0,0.0,0.0,0.0086206896551724,0.7068965517241379,0.9827586206896552,0.0172413793103448,0.1637931034482758,0.8362068965517241,0.0,1.0,0.5,0.5,1.0,0.0,0.0,0.0,0.0,0.9827586206896552,0.0172413793103448,0.0,0.2758620689655172,0.0,0.7241379310344828,0.0862068965517241,0.0172413793103448,0.0086206896551724,0.0172413793103448,0.043103448275862,0.043103448275862,0.0603448275862069,0.3017241379310345,0.293103448275862,0.0344827586206896,0.043103448275862,0.0086206896551724,0.043103448275862,89.60757700602214,434414.46709626337,0.058357962997487,10.99447512538042,27.912825266520183
POLONUEVO,2020,13,0.2307692307692307,0.3846153846153846,0.0769230769230769,0.0,0.0769230769230769,0.0769230769230769,0.1538461538461538,0.3846153846153846,0.0,0.0,0.0,0.0769230769230769,0.5384615384615384,1.0,0.0,0.3846153846153846,0.6153846153846154,0.0,1.0,0.5384615384615384,0.4615384615384615,1.0,0.0,0.0,0.0,0.0,1.0,0.0,0.0,0.0769230769230769,0.0,0.9230769230769232,0.4615384615384615,0.0769230769230769,0.0769230769230769,0.0,0.0769230769230769,0.0769230769230769,0.0769230769230769,0.0,0.0,0.1538461538461538,0.0,0.0,0.0,89.74022674560547,546243.9351621221,0.058357962997487,10.99447512538042,27.669313430786133
POLONUEVO,2021,27,0.5555555555555556,0.1111111111111111,0.074074074074074,0.0,0.1481481481481481,0.037037037037037,0.074074074074074,0.2222222222222222,0.0,0.0,0.037037037037037,0.037037037037037,0.7037037037037037,1.0,0.0,0.4074074074074074,0.5925925925925926,0.0,1.0,0.5185185185185185,0.4814814814814814,1.0,0.0,0.0,0.0,0.0,1.0,0.0,0.0,0.037037037037037,0.0,0.9629629629629628,0.0,0.0,0.0,0.0,0.0,0.0,0.0,0.074074074074074,0.1111111111111111,0.2962962962962963,0.2222222222222222,0.1111111111111111,0.1851851851851851,89.59716033935547,547501.4135851925,0.058357962997487,10.99447512538042,27.497992515563965
POLONUEVO,2022,26,0.2692307692307692,0.3461538461538461,0.0384615384615384,0.0,0.1153846153846153,0.0769230769230769,0.1538461538461538,0.2692307692307692,0.0,0.0,0.0,0.0,0.7307692307692307,1.0,0.0,0.3461538461538461,0.6538461538461539,0.0,1.0,0.3846153846153846,0.6153846153846154,1.0,0.0,0.0,0.0,0.0,1.0,0.0,0.0,0.1153846153846153,0.0,0.8846153846153846,0.1153846153846153,0.0,0.0,0.1153846153846153,0.0769230769230769,0.0384615384615384,0.1153846153846153,0.0769230769230769,0.0384615384615384,0.1153846153846153,0.0384615384615384,0.1923076923076923,0.0769230769230769,90.64460754394533,689034.0819408143,0.058357962997487,10.99447512538042,27.384568214416504
POLONUEVO,2023,13,0.0769230769230769,0.3846153846153846,0.0,0.0,0.3846153846153846,0.0,0.1538461538461538,0.3846153846153846,0.0,0.0,0.0,0.0,0.6153846153846154,1.0,0.0,0.3076923076923077,0.6923076923076923,0.0,1.0,0.3076923076923077,0.6923076923076923,1.0,0.0,0.0,0.0,0.0,1.0,0.0,0.0,0.1538461538461538,0.0,0.8461538461538461,0.0769230769230769,0.0,0.0,0.0,0.0,0.0769230769230769,0.3076923076923077,0.3076923076923077,0.0,0.0769230769230769,0.0,0.0,0.1538461538461538,89.91937510172527,469017.0736795909,0.058357962997487,10.99447512538042,28.027135848999023
PONEDERA,2017,3,0.3333333333333333,0.3333333333333333,0.0,0.0,0.0,0.0,0.3333333333333333,0.0,0.0,0.0,0.0,0.0,1.0,1.0,0.0,0.6666666666666666,0.3333333333333333,0.0,1.0,0.3333333333333333,0.6666666666666666,0.0,0.0,0.0,1.0,0.0,0.6666666666666666,0.3333333333333333,0.0,0.0,0.0,1.0,0.0,0.0,0.3333333333333333,0.0,0.0,0.0,0.0,0.0,0.0,0.3333333333333333,0.0,0.3333333333333333,0.0,91.33843231201172,470803.0688101216,0.099086398790624,5.083966367469738,28.046332359313965
PONEDERA,2018,6,0.3333333333333333,0.5,0.0,0.0,0.1666666666666666,0.0,0.0,0.1666666666666666,0.0,0.0,0.0,0.0,0.8333333333333334,1.0,0.0,0.6666666666666666,0.3333333333333333,0.0,1.0,0.5,0.5,0.0,0.0,0.0,1.0,0.0,0.8333333333333334,0.1666666666666666,0.0,0.3333333333333333,0.0,0.6666666666666666,0.0,0.1666666666666666,0.0,0.0,0.0,0.0,0.0,0.0,0.0,0.1666666666666666,0.0,0.6666666666666666,0.0,91.27904510498048,401841.6651698172,0.099086398790624,5.083966367469738,27.988183975219727
PONEDERA,2019,56,0.4107142857142857,0.1607142857142857,0.0178571428571428,0.0,0.2857142857142857,0.0,0.125,0.2142857142857142,0.0,0.0178571428571428,0.0,0.0357142857142857,0.7321428571428571,1.0,0.0,0.3392857142857143,0.6607142857142857,0.0,1.0,0.5535714285714286,0.4464285714285714,0.0,0.0,0.0,1.0,0.0,0.7142857142857143,0.2857142857142857,0.0,0.1428571428571428,0.0,0.8571428571428571,0.0535714285714285,0.0535714285714285,0.0357142857142857,0.0,0.0,0.0,0.0535714285714285,0.0178571428571428,0.0357142857142857,0.1428571428571428,0.0714285714285714,0.25,0.2857142857142857,90.99451446533205,370096.175985614,0.099086398790624,5.083966367469738,28.23244667053223
PONEDERA,2020,27,0.2962962962962963,0.074074074074074,0.0,0.0,0.3703703703703703,0.0,0.2592592592592592,0.2962962962962963,0.0,0.037037037037037,0.0,0.074074074074074,0.5925925925925926,1.0,0.0,0.2222222222222222,0.7777777777777778,0.0,1.0,0.6666666666666666,0.3333333333333333,0.0,0.0,0.0,1.0,0.0,0.7777777777777778,0.2222222222222222,0.0,0.074074074074074,0.0,0.925925925925926,0.4444444444444444,0.3703703703703703,0.037037037037037,0.0,0.037037037037037,0.0,0.0,0.0,0.0,0.037037037037037,0.0,0.0,0.074074074074074,91.16708374023438,463881.836428481,0.099086398790624,5.083966367469738,27.9413423538208
PONEDERA,2021,9,0.4444444444444444,0.2222222222222222,0.2222222222222222,0.0,0.1111111111111111,0.0,0.0,0.1111111111111111,0.0,0.1111111111111111,0.0,0.0,0.7777777777777778,0.8888888888888888,0.1111111111111111,0.3333333333333333,0.6666666666666666,0.0,1.0,0.5555555555555556,0.4444444444444444,0.0,0.0,0.0,1.0,0.0,1.0,0.0,0.0,0.0,0.0,1.0,0.0,0.0,0.0,0.0,0.0,0.0,0.0,0.2222222222222222,0.1111111111111111,0.1111111111111111,0.0,0.3333333333333333,0.2222222222222222,91.09886169433594,460520.2844132952,0.099086398790624,5.083966367469738,27.794001579284668
PONEDERA,2022,38,0.5,0.2894736842105263,0.0526315789473684,0.0,0.0789473684210526,0.0263157894736842,0.0526315789473684,0.1052631578947368,0.0,0.0263157894736842,0.0,0.0526315789473684,0.8157894736842105,0.9473684210526316,0.0526315789473684,0.0789473684210526,0.9210526315789472,0.0,1.0,0.3947368421052631,0.6052631578947368,0.0,0.0,0.0,1.0,0.0,0.7105263157894737,0.2631578947368421,0.0263157894736842,0.2631578947368421,0.0,0.7368421052631579,0.0,0.0263157894736842,0.0,0.0,0.0,0.0,0.131578947368421,0.0789473684210526,0.1052631578947368,0.1578947368421052,0.3947368421052631,0.0789473684210526,0.0263157894736842,91.96289825439452,576138.8706479906,0.099086398790624,5.083966367469738,27.632330894470215
PONEDERA,2023,50,0.48,0.36,0.0,0.0,0.14,0.0,0.02,0.22,0.0,0.04,0.0,0.0,0.74,1.0,0.0,0.38,0.62,0.0,1.0,0.52,0.48,0.0,0.0,0.0,1.0,0.0,0.36,0.64,0.0,0.3,0.0,0.7,0.02,0.02,0.04,0.0,0.02,0.02,0.0,0.1,0.0,0.1,0.18,0.32,0.18,91.1584930419922,404605.2818859032,0.099086398790624,5.083966367469738,28.355499267578125
PUERTO COLOMBIA,2017,14,0.0714285714285714,0.5,0.0714285714285714,0.0,0.1428571428571428,0.0,0.2142857142857142,0.5,0.0,0.0,0.0,0.0714285714285714,0.4285714285714285,0.9285714285714286,0.0714285714285714,0.5714285714285714,0.4285714285714285,0.0,1.0,0.6428571428571429,0.3571428571428571,0.0,0.0,1.0,0.0,0.0,1.0,0.0,0.0,0.3571428571428571,0.0,0.6428571428571429,0.0,0.0,0.0714285714285714,0.0,0.0,0.0,0.0,0.0,0.0,0.2142857142857142,0.2142857142857142,0.0714285714285714,0.4285714285714285,87.18866729736328,356540.8429804077,1.902684311740348,1.652850517266362,27.602603912353516
PUERTO COLOMBIA,2018,38,0.3684210526315789,0.3157894736842105,0.0,0.0,0.2368421052631578,0.0,0.0789473684210526,0.4473684210526316,0.0263157894736842,0.0,0.0263157894736842,0.0263157894736842,0.4736842105263157,1.0,0.0,0.3157894736842105,0.6842105263157895,0.0,1.0,0.3684210526315789,0.631578947368421,0.0,0.0,1.0,0.0,0.0,0.9473684210526316,0.0263157894736842,0.0263157894736842,0.3157894736842105,0.0,0.6842105263157895,0.0526315789473684,0.0263157894736842,0.0,0.0,0.0263157894736842,0.0263157894736842,0.131578947368421,0.1052631578947368,0.0526315789473684,0.0,0.1578947368421052,0.3421052631578947,0.0789473684210526,87.10991668701172,270510.114852288,1.902684311740348,1.652850517266362,27.400543212890625
PUERTO COLOMBIA,2019,41,0.2682926829268293,0.3658536585365853,0.073170731707317,0.024390243902439,0.1463414634146341,0.0,0.1219512195121951,0.4878048780487805,0.0,0.048780487804878,0.0,0.024390243902439,0.4390243902439024,1.0,0.0,0.1463414634146341,0.8536585365853658,0.0,1.0,0.5121951219512195,0.4878048780487805,0.0,0.0,1.0,0.0,0.0,0.902439024390244,0.0975609756097561,0.0,0.2195121951219512,0.0,0.7804878048780488,0.073170731707317,0.0,0.0,0.0,0.048780487804878,0.1707317073170731,0.048780487804878,0.048780487804878,0.024390243902439,0.024390243902439,0.0975609756097561,0.1951219512195122,0.2682926829268293,87.46696472167969,295433.5570295216,1.902684311740348,1.652850517266362,27.509943962097168
PUERTO COLOMBIA,2020,25,0.36,0.36,0.0,0.0,0.16,0.0,0.12,0.52,0.0,0.0,0.0,0.08,0.4,0.96,0.04,0.28,0.72,0.0,1.0,0.44,0.56,0.0,0.0,1.0,0.0,0.0,0.8,0.2,0.0,0.24,0.0,0.76,0.36,0.32,0.2,0.04,0.0,0.0,0.0,0.0,0.0,0.04,0.04,0.0,0.0,87.41748809814453,400126.4269212719,1.902684311740348,1.652850517266362,27.472485542297363
PUERTO COLOMBIA,2021,70,0.3714285714285714,0.2,0.0142857142857142,0.0,0.2,0.0,0.2142857142857142,0.3857142857142857,0.0,0.0142857142857142,0.0142857142857142,0.0428571428571428,0.5428571428571428,0.9571428571428572,0.0428571428571428,0.5285714285714286,0.4714285714285714,0.0,1.0,0.5714285714285714,0.4285714285714285,0.0,0.0,1.0,0.0,0.0,0.9571428571428572,0.0428571428571428,0.0,0.1714285714285714,0.0,0.8285714285714286,0.0142857142857142,0.0285714285714285,0.0,0.0,0.0142857142857142,0.0,0.0,0.0142857142857142,0.0,0.0,0.0571428571428571,0.3857142857142857,0.4857142857142857,86.90325164794922,374000.7461156257,1.902684311740348,1.652850517266362,27.3174991607666
PUERTO COLOMBIA,2022,539,0.4860853432282003,0.2820037105751391,0.0185528756957328,0.0,0.1632653061224489,0.0,0.0500927643784786,0.4526901669758812,0.0,0.0315398886827458,0.0111317254174397,0.0259740259740259,0.4786641929499072,0.9090909090909092,0.0909090909090909,0.4730983302411873,0.5269016697588126,0.0,1.0,0.4712430426716141,0.5287569573283859,0.0,0.0,1.0,0.0,0.0,0.9591836734693876,0.0408163265306122,0.0,0.3562152133580705,0.0037105751391465,0.640074211502783,0.046382189239332,0.0315398886827458,0.0166975881261595,0.0148423005565862,0.0426716141001855,0.1224489795918367,0.1410018552875695,0.209647495361781,0.1057513914656771,0.0946196660482374,0.0667903525046382,0.059369202226345,0.0482374768089053,87.4440689086914,539119.4295429203,1.902684311740348,1.652850517266362,27.23651885986328
PUERTO COLOMBIA,2023,53,0.320754716981132,0.3018867924528302,0.0754716981132075,0.0,0.1509433962264151,0.0,0.1509433962264151,0.5849056603773585,0.0,0.0,0.0188679245283018,0.0,0.3962264150943396,0.9622641509433962,0.0377358490566037,0.6226415094339622,0.3773584905660377,0.0,1.0,0.5283018867924528,0.4716981132075472,0.0,0.0,1.0,0.0,0.0,0.981132075471698,0.0188679245283018,0.0,0.4150943396226415,0.0,0.5849056603773585,0.1698113207547169,0.0943396226415094,0.1320754716981132,0.0566037735849056,0.0754716981132075,0.0566037735849056,0.0188679245283018,0.0943396226415094,0.0,0.0754716981132075,0.0943396226415094,0.0377358490566037,0.0943396226415094,87.37997436523438,321774.9037373719,1.902684311740348,1.652850517266362,27.74649238586426
REPELÓN,2017,11,0.4545454545454545,0.1818181818181818,0.0909090909090909,0.0,0.0909090909090909,0.0909090909090909,0.0909090909090909,0.0909090909090909,0.0,0.0,0.0,0.0909090909090909,0.8181818181818182,1.0,0.0,0.9090909090909092,0.0909090909090909,0.0,1.0,0.4545454545454545,0.5454545454545454,0.0,0.0,0.0,0.0,1.0,0.9090909090909092,0.0909090909090909,0.0,0.0909090909090909,0.0,0.9090909090909092,0.0,0.0,0.0,0.0,0.0,0.0,0.0,0.0,0.1818181818181818,0.3636363636363636,0.0909090909090909,0.1818181818181818,0.1818181818181818,44.25275802612305,182379.7479824008,1.438214320297147,1.562069763225594,13.966972827911377
REPELÓN,2018,1,0.0,0.0,1.0,0.0,0.0,0.0,0.0,0.0,0.0,0.0,0.0,0.0,1.0,1.0,0.0,0.0,1.0,0.0,1.0,0.0,1.0,0.0,0.0,0.0,0.0,1.0,1.0,0.0,0.0,0.0,0.0,1.0,0.0,0.0,0.0,0.0,0.0,0.0,0.0,0.0,0.0,1.0,0.0,0.0,0.0,44.174598693847656,151961.03076348567,1.438214320297147,1.562069763225594,13.977390766143799
REPELÓN,2019,23,0.5217391304347826,0.0,0.0,0.0,0.3478260869565217,0.0,0.1304347826086956,0.1739130434782608,0.0,0.0,0.0869565217391304,0.0869565217391304,0.6521739130434783,0.9565217391304348,0.0434782608695652,0.1304347826086956,0.8695652173913043,0.0,1.0,0.3478260869565217,0.6521739130434783,0.0,0.0,0.0,0.0,1.0,0.9130434782608696,0.0869565217391304,0.0,0.0869565217391304,0.0,0.9130434782608696,0.0,0.0,0.0,0.0,0.0,0.0,0.0434782608695652,0.0,0.0,0.0434782608695652,0.0,0.1739130434782608,0.7391304347826086,43.830074310302734,133156.602596959,1.438214320297147,1.562069763225594,14.17949914932251
REPELÓN,2020,57,0.5614035087719298,0.0526315789473684,0.0,0.0,0.2280701754385964,0.0175438596491228,0.1403508771929824,0.2631578947368421,0.0,0.0175438596491228,0.0350877192982456,0.0175438596491228,0.6666666666666666,1.0,0.0,0.1403508771929824,0.8596491228070176,0.0,1.0,0.543859649122807,0.4561403508771929,0.0,0.0,0.0,0.0,1.0,0.7017543859649122,0.2982456140350877,0.0,0.1403508771929824,0.0,0.8596491228070176,0.3508771929824561,0.2105263157894736,0.087719298245614,0.0175438596491228,0.0701754385964912,0.0701754385964912,0.0,0.0175438596491228,0.0526315789473684,0.0350877192982456,0.0350877192982456,0.0175438596491228,0.0350877192982456,43.87705993652344,156699.1473367224,1.438214320297147,1.562069763225594,14.023575782775879
REPELÓN,2021,6,0.1666666666666666,0.5,0.0,0.0,0.0,0.0,0.3333333333333333,0.0,0.0,0.0,0.0,0.0,1.0,0.8333333333333334,0.1666666666666666,0.3333333333333333,0.6666666666666666,0.0,1.0,0.1666666666666666,0.8333333333333334,0.0,0.0,0.0,0.0,1.0,1.0,0.0,0.0,0.0,0.0,1.0,0.3333333333333333,0.0,0.0,0.0,0.0,0.0,0.0,0.0,0.0,0.0,0.1666666666666666,0.1666666666666666,0.3333333333333333,44.0449333190918,174491.31047648925,1.438214320297147,1.562069763225594,13.876294136047363
REPELÓN,2022,4,0.25,0.25,0.25,0.0,0.25,0.0,0.0,0.0,0.0,0.0,0.0,0.0,1.0,0.25,0.75,0.0,1.0,0.0,1.0,0.75,0.25,0.0,0.0,0.0,0.0,1.0,0.75,0.25,0.0,0.25,0.0,0.75,0.0,0.0,0.0,0.0,0.0,0.0,0.25,0.0,0.25,0.25,0.0,0.25,0.0,44.51401901245117,219375.5180246536,1.438214320297147,1.562069763225594,13.761134147644043
REPELÓN,2023,4,0.25,0.5,0.0,0.0,0.25,0.0,0.0,0.5,0.0,0.0,0.0,0.0,0.5,1.0,0.0,0.25,0.75,0.0,1.0,0.25,0.75,0.0,0.0,0.0,0.0,1.0,1.0,0.0,0.0,0.25,0.0,0.75,0.25,0.0,0.0,0.0,0.0,0.0,0.0,0.0,0.75,0.0,0.0,0.0,0.0,44.09383392333984,153603.81339071548,1.438214320297147,1.562069763225594,14.16093111038208
SABANAGRANDE,2017,5,0.0,0.4,0.0,0.0,0.0,0.2,0.4,0.4,0.0,0.0,0.0,0.0,0.6,1.0,0.0,0.4,0.6,0.0,1.0,0.0,1.0,0.0,0.0,0.0,1.0,0.0,1.0,0.0,0.0,0.4,0.0,0.6,0.2,0.2,0.2,0.0,0.0,0.2,0.0,0.0,0.0,0.0,0.0,0.2,0.0,89.31038665771484,550048.4390133864,0.574154076286911,1.54405300391256,27.95109748840332
SABANAGRANDE,2018,12,0.25,0.3333333333333333,0.0,0.0,0.25,0.0,0.1666666666666666,0.4166666666666667,0.0,0.0,0.0,0.0,0.5833333333333334,1.0,0.0,0.5,0.5,0.0,1.0,0.4166666666666667,0.5833333333333334,0.0,0.0,0.0,1.0,0.0,1.0,0.0,0.0,0.25,0.0,0.75,0.1666666666666666,0.0,0.0,0.0833333333333333,0.0,0.0833333333333333,0.0,0.1666666666666666,0.0833333333333333,0.0833333333333333,0.25,0.0833333333333333,0.0,89.15384674072266,469218.2784120514,0.574154076286911,1.54405300391256,27.876405715942383
SABANAGRANDE,2019,14,0.3571428571428571,0.2142857142857142,0.1428571428571428,0.0,0.1428571428571428,0.0,0.1428571428571428,0.2142857142857142,0.0,0.0,0.0,0.1428571428571428,0.6428571428571429,1.0,0.0,0.1428571428571428,0.8571428571428571,0.0,1.0,0.4285714285714285,0.5714285714285714,0.0,0.0,0.0,1.0,0.0,0.9285714285714286,0.0714285714285714,0.0,0.3571428571428571,0.0,0.6428571428571429,0.0,0.0,0.1428571428571428,0.0,0.0,0.0,0.0714285714285714,0.1428571428571428,0.1428571428571428,0.1428571428571428,0.0714285714285714,0.0714285714285714,0.2142857142857142,88.78585815429688,434414.4670962634,0.574154076286911,1.54405300391256,28.133108139038086
SABANAGRANDE,2020,27,0.4074074074074074,0.2222222222222222,0.0,0.0,0.3333333333333333,0.0,0.037037037037037,0.2962962962962963,0.0,0.0,0.037037037037037,0.074074074074074,0.5925925925925926,1.0,0.0,0.2592592592592592,0.7407407407407407,0.0,1.0,0.4814814814814814,0.5185185185185185,0.0,0.0,0.0,1.0,0.0,1.0,0.0,0.0,0.0,0.0,1.0,0.1481481481481481,0.074074074074074,0.0,0.0,0.0,0.0,0.0,0.0,0.0,0.0,0.037037037037037,0.1481481481481481,0.5925925925925926,88.92545318603516,546243.9351621221,0.574154076286911,1.54405300391256,27.888636589050293
SABANAGRANDE,2021,19,0.4210526315789473,0.2631578947368421,0.0526315789473684,0.0,0.2105263157894736,0.0,0.0526315789473684,0.3684210526315789,0.0,0.0,0.0,0.0,0.631578947368421,0.9473684210526316,0.0526315789473684,0.4736842105263157,0.5263157894736842,0.0,1.0,0.5263157894736842,0.4736842105263157,0.0,0.0,0.0,1.0,0.0,1.0,0.0,0.0,0.1578947368421052,0.0,0.8421052631578947,0.4736842105263157,0.1052631578947368,0.0,0.0,0.0,0.0526315789473684,0.0,0.0,0.0,0.1052631578947368,0.0,0.0526315789473684,0.2105263157894736,88.77489471435547,547501.4135851925,0.574154076286911,1.54405300391256,27.716748237609863
SABANAGRANDE,2022,15,0.3333333333333333,0.2666666666666666,0.0,0.0,0.2666666666666666,0.0,0.1333333333333333,0.2,0.0,0.0666666666666666,0.0,0.0,0.7333333333333333,1.0,0.0,0.3333333333333333,0.6666666666666666,0.0,1.0,0.4,0.6,0.0,0.0,0.0,1.0,0.0,1.0,0.0,0.0,0.1333333333333333,0.0,0.8666666666666667,0.0666666666666666,0.0666666666666666,0.0,0.0,0.0,0.0,0.0,0.1333333333333333,0.2,0.0666666666666666,0.2666666666666666,0.2,0.0,89.87654876708984,689034.0819408143,0.574154076286911,1.54405300391256,27.603019714355472
SABANAGRANDE,2023,7,0.1428571428571428,0.2857142857142857,0.0,0.0,0.1428571428571428,0.0,0.4285714285714285,0.7142857142857143,0.0,0.0,0.0,0.0,0.2857142857142857,1.0,0.0,0.1428571428571428,0.8571428571428571,0.0,1.0,0.1428571428571428,0.8571428571428571,0.0,0.0,0.0,1.0,0.0,0.7142857142857143,0.2857142857142857,0.0,0.5714285714285714,0.0,0.4285714285714285,0.1428571428571428,0.0,0.2857142857142857,0.1428571428571428,0.0,0.0,0.1428571428571428,0.0,0.0,0.1428571428571428,0.0,0.0,0.1428571428571428,89.1137924194336,469017.0736795909,0.574154076286911,1.54405300391256,28.247920989990234
SABANALARGA,2017,10,0.1,0.5,0.2,0.0,0.2,0.0,0.0,0.4,0.0,0.0,0.0,0.0,0.6,1.0,0.0,0.5,0.5,0.0,1.0,0.5,0.5,1.0,0.0,0.0,0.0,0.0,0.8,0.2,0.0,0.1,0.0,0.9,0.0,0.2,0.0,0.1,0.2,0.1,0.2,0.0,0.0,0.0,0.1,0.1,0.0,90.61599731445312,442118.2689989021,0.705266525333551,8.32490008654472,27.573467254638672
SABANALARGA,2018,99,0.3939393939393939,0.1717171717171717,0.0101010101010101,0.0,0.2525252525252525,0.0101010101010101,0.1616161616161616,0.3232323232323232,0.0101010101010101,0.0,0.0303030303030303,0.0202020202020202,0.6161616161616161,0.98989898989899,0.0101010101010101,0.2727272727272727,0.7272727272727273,0.0,1.0,0.5555555555555556,0.4444444444444444,1.0,0.0,0.0,0.0,0.0,0.9494949494949496,0.0505050505050505,0.0,0.1111111111111111,0.0,0.8888888888888888,0.0101010101010101,0.0101010101010101,0.0202020202020202,0.0,0.0101010101010101,0.0303030303030303,0.0202020202020202,0.0808080808080808,0.0707070707070707,0.101010101010101,0.1515151515151515,0.2121212121212121,0.2828282828282828,90.1188735961914,355285.0849317361,0.705266525333551,8.32490008654472,27.602317810058594
SABANALARGA,2019,321,0.4299065420560747,0.0778816199376947,0.0093457943925233,0.0,0.3146417445482866,0.0062305295950155,0.1619937694704049,0.2710280373831775,0.0031152647975077,0.0124610591900311,0.0155763239875389,0.0155763239875389,0.6822429906542056,0.9906542056074766,0.0093457943925233,0.2772585669781931,0.7227414330218068,0.0,1.0,0.5700934579439252,0.4299065420560747,1.0,0.0,0.0,0.0,0.0,0.7133956386292835,0.2834890965732087,0.0031152647975077,0.1277258566978193,0.0,0.8722741433021807,0.0934579439252336,0.0591900311526479,0.0218068535825545,0.0311526479750778,0.0560747663551401,0.0467289719626168,0.1090342679127725,0.0841121495327102,0.087227414330218,0.0529595015576324,0.1090342679127725,0.1152647975077881,0.1339563862928348,89.59425354003906,324381.1071428207,0.705266525333551,8.32490008654472,27.91167449951172
SABANALARGA,2020,122,0.5,0.0737704918032786,0.0245901639344262,0.0,0.2868852459016393,0.0,0.1147540983606557,0.3032786885245901,0.0,0.0163934426229508,0.0163934426229508,0.0573770491803278,0.6065573770491803,0.9590163934426228,0.040983606557377,0.180327868852459,0.819672131147541,0.0,1.0,0.5327868852459017,0.4672131147540984,1.0,0.0,0.0,0.0,0.0,0.860655737704918,0.0983606557377049,0.040983606557377,0.081967213114754,0.0,0.918032786885246,0.2540983606557377,0.1311475409836065,0.0491803278688524,0.0163934426229508,0.0,0.0163934426229508,0.0,0.0327868852459016,0.0573770491803278,0.0573770491803278,0.1311475409836065,0.0737704918032786,0.180327868852459,89.94178009033203,423450.8855935247,0.705266525333551,8.32490008654472,27.61415672302246
SABANALARGA,2021,174,0.4770114942528735,0.1436781609195402,0.0229885057471264,0.0,0.2011494252873563,0.0114942528735632,0.1436781609195402,0.2816091954022988,0.0,0.0344827586206896,0.0057471264367816,0.057471264367816,0.6206896551724138,0.9655172413793104,0.0344827586206896,0.3218390804597701,0.6781609195402298,0.0,1.0,0.4885057471264368,0.5114942528735632,1.0,0.0,0.0,0.0,0.0,0.9367816091954024,0.028735632183908,0.0344827586206896,0.1091954022988505,0.0,0.8908045977011494,0.0517241379310344,0.0172413793103448,0.0,0.0057471264367816,0.0114942528735632,0.0057471264367816,0.0229885057471264,0.0689655172413793,0.0804597701149425,0.0862068965517241,0.2758620689655172,0.2241379310344827,0.1494252873563218,89.98338317871094,430759.6272695636,0.705266525333551,8.32490008654472,27.372013092041016
SABANALARGA,2022,311,0.4983922829581994,0.0964630225080385,0.022508038585209,0.0128617363344051,0.2636655948553054,0.0032154340836012,0.1028938906752411,0.315112540192926,0.0,0.0064308681672025,0.0192926045016077,0.0032154340836012,0.6559485530546624,0.954983922829582,0.045016077170418,0.360128617363344,0.639871382636656,0.0,1.0,0.4823151125401929,0.5176848874598071,1.0,0.0,0.0,0.0,0.0,0.945337620578778,0.0418006430868167,0.0128617363344051,0.6881028938906752,0.0,0.3118971061093247,0.0707395498392283,0.0257234726688102,0.0160771704180064,0.022508038585209,0.0192926045016077,0.0643086816720257,0.1286173633440514,0.1479099678456591,0.1318327974276527,0.0771704180064308,0.135048231511254,0.0803858520900321,0.0803858520900321,91.05322265625,568303.6927129307,0.705266525333551,8.32490008654472,27.225668907165527
SABANALARGA,2023,56,0.3214285714285714,0.3214285714285714,0.0714285714285714,0.0357142857142857,0.1785714285714285,0.0,0.0714285714285714,0.4107142857142857,0.0,0.0,0.0,0.0357142857142857,0.5535714285714286,0.9642857142857144,0.0357142857142857,0.4821428571428571,0.5178571428571429,0.0,1.0,0.3928571428571428,0.6071428571428571,1.0,0.0,0.0,0.0,0.0,0.7857142857142857,0.1607142857142857,0.0535714285714285,0.4285714285714285,0.0,0.5714285714285714,0.25,0.1428571428571428,0.0535714285714285,0.0892857142857142,0.0357142857142857,0.0357142857142857,0.0178571428571428,0.0892857142857142,0.0714285714285714,0.0535714285714285,0.0714285714285714,0.0357142857142857,0.0535714285714285,90.2286148071289,372214.75067557534,0.705266525333551,8.32490008654472,27.909137725830078
SANTA LUCÍA,2019,3,0.3333333333333333,0.0,0.0,0.0,0.6666666666666666,0.0,0.0,0.0,0.0,0.0,0.0,0.0,1.0,1.0,0.0,0.6666666666666666,0.3333333333333333,0.0,1.0,0.6666666666666666,0.3333333333333333,0.0,0.0,0.0,0.0,1.0,1.0,0.0,0.0,0.0,0.0,1.0,0.0,0.0,0.0,0.3333333333333333,0.0,0.0,0.0,0.0,0.0,0.0,0.0,0.0,0.6666666666666666,88.30531819661458,292622.991647949,2.134185015397168,9.113102284704611,28.587936083475746
SANTA LUCÍA,2020,17,0.4117647058823529,0.0588235294117647,0.0,0.0,0.4705882352941176,0.0,0.0588235294117647,0.0588235294117647,0.0,0.0,0.0588235294117647,0.1176470588235294,0.7647058823529411,1.0,0.0,0.2941176470588235,0.7058823529411765,0.0,1.0,0.2941176470588235,0.7058823529411765,0.0,0.0,0.0,0.0,1.0,0.9411764705882352,0.0588235294117647,0.0,0.3529411764705882,0.0,0.6470588235294118,0.0588235294117647,0.0,0.0,0.0,0.1764705882352941,0.1764705882352941,0.0588235294117647,0.2352941176470588,0.2352941176470588,0.0588235294117647,0.0,0.0,0.0,88.54160563151042,358812.5900210415,2.134185015397168,9.113102284704611,28.253500938415527
SANTA LUCÍA,2021,8,0.125,0.125,0.0,0.0,0.125,0.0,0.625,0.0,0.0,0.0,0.0,0.0,1.0,1.0,0.0,1.0,0.0,0.0,1.0,0.625,0.375,0.0,0.0,0.0,0.0,1.0,0.75,0.25,0.0,0.0,0.0,1.0,0.0,0.0,0.0,0.0,0.0,0.0,0.0,0.0,0.0,0.25,0.375,0.125,0.25,88.63787587483723,365353.6438119249,2.134185015397168,9.113102284704611,28.07002544403076
SANTA LUCÍA,2022,11,0.2727272727272727,0.0909090909090909,0.0909090909090909,0.0,0.0909090909090909,0.0,0.4545454545454545,0.0,0.0,0.0,0.0909090909090909,0.0,0.9090909090909092,1.0,0.0,0.9090909090909092,0.0909090909090909,0.0,1.0,0.3636363636363636,0.6363636363636364,0.0,0.0,0.0,0.0,1.0,1.0,0.0,0.0,0.0909090909090909,0.0,0.9090909090909092,0.2727272727272727,0.4545454545454545,0.0909090909090909,0.0909090909090909,0.0,0.0,0.0,0.0,0.0,0.0,0.0,0.0,0.0909090909090909,89.78248087565105,455079.451586547,2.134185015397168,9.113102284704611,27.844083468119305
SANTA LUCÍA,2023,2,0.0,0.0,0.0,0.5,0.0,0.0,0.5,0.0,0.0,0.0,0.0,0.0,1.0,1.0,0.0,0.5,0.5,0.0,1.0,0.5,0.5,0.0,0.0,0.0,0.0,1.0,1.0,0.0,0.0,0.5,0.0,0.5,0.5,0.0,0.0,0.0,0.5,0.0,0.0,0.0,0.0,0.0,0.0,0.0,0.0,88.5809326171875,329198.202321954,2.134185015397168,9.113102284704611,28.66209920247396
SANTO TOMÁS,2017,11,0.2727272727272727,0.5454545454545454,0.0909090909090909,0.0,0.0909090909090909,0.0,0.0,0.5454545454545454,0.0,0.0,0.0,0.0,0.4545454545454545,1.0,0.0,0.8181818181818182,0.1818181818181818,0.0,1.0,0.3636363636363636,0.6363636363636364,0.0,0.0,0.0,1.0,0.0,1.0,0.0,0.0,0.0909090909090909,0.0,0.9090909090909092,0.0909090909090909,0.0,0.0,0.0,0.0,0.2727272727272727,0.0909090909090909,0.2727272727272727,0.1818181818181818,0.0,0.0,0.0,0.0909090909090909,90.10630289713542,550048.4390133864,2.537834539424502,5.124024254807073,27.731441179911297
SANTO TOMÁS,2018,7,0.2857142857142857,0.4285714285714285,0.0,0.0,0.1428571428571428,0.0,0.1428571428571428,0.7142857142857143,0.0,0.0,0.0,0.0,0.2857142857142857,1.0,0.0,0.5714285714285714,0.4285714285714285,0.0,1.0,0.5714285714285714,0.4285714285714285,0.0,0.0,0.0,1.0,0.0,1.0,0.0,0.0,0.2857142857142857,0.0,0.7142857142857143,0.2857142857142857,0.0,0.1428571428571428,0.0,0.1428571428571428,0.1428571428571428,0.0,0.0,0.0,0.0,0.1428571428571428,0.1428571428571428,0.0,89.9574686686198,469218.2784120513,2.537834539424502,5.124024254807073,27.657020568847656
SANTO TOMÁS,2019,11,0.3636363636363636,0.4545454545454545,0.0,0.0,0.0909090909090909,0.0,0.0909090909090909,0.2727272727272727,0.0,0.0,0.0,0.0,0.7272727272727273,1.0,0.0,0.6363636363636364,0.3636363636363636,0.0,1.0,0.4545454545454545,0.5454545454545454,0.0,0.0,0.0,1.0,0.0,0.9090909090909092,0.0,0.0909090909090909,0.1818181818181818,0.0,0.8181818181818182,0.0,0.0,0.0,0.0,0.0909090909090909,0.0909090909090909,0.1818181818181818,0.1818181818181818,0.0909090909090909,0.0,0.1818181818181818,0.0909090909090909,0.0909090909090909,89.60757700602214,434414.46709626337,2.537834539424502,5.124024254807073,27.912825266520183
SANTO TOMÁS,2020,9,0.2222222222222222,0.2222222222222222,0.0,0.0,0.1111111111111111,0.0,0.4444444444444444,0.3333333333333333,0.0,0.0,0.0,0.0,0.6666666666666666,1.0,0.0,0.4444444444444444,0.5555555555555556,0.0,1.0,0.2222222222222222,0.7777777777777778,0.0,0.0,0.0,1.0,0.0,1.0,0.0,0.0,0.1111111111111111,0.0,0.8888888888888888,0.1111111111111111,0.2222222222222222,0.1111111111111111,0.1111111111111111,0.0,0.0,0.0,0.1111111111111111,0.0,0.0,0.2222222222222222,0.0,0.1111111111111111,89.74022674560547,546243.9351621221,2.537834539424502,5.124024254807073,27.669313430786133
SANTO TOMÁS,2021,11,0.2727272727272727,0.4545454545454545,0.0909090909090909,0.0,0.0909090909090909,0.0,0.0909090909090909,0.2727272727272727,0.0,0.0,0.0,0.0909090909090909,0.6363636363636364,1.0,0.0,0.3636363636363636,0.6363636363636364,0.0,1.0,0.4545454545454545,0.5454545454545454,0.0,0.0,0.0,1.0,0.0,1.0,0.0,0.0,0.1818181818181818,0.0,0.8181818181818182,0.1818181818181818,0.0,0.0,0.0,0.0,0.0,0.0,0.0,0.0909090909090909,0.0909090909090909,0.0909090909090909,0.3636363636363636,0.1818181818181818,89.59716033935547,547501.4135851925,2.537834539424502,5.124024254807073,27.497992515563965
SANTO TOMÁS,2022,16,0.375,0.375,0.0,0.0625,0.125,0.0,0.0625,0.375,0.0,0.0,0.0,0.0,0.625,1.0,0.0,0.25,0.75,0.0,1.0,0.4375,0.5625,0.0,0.0,0.0,1.0,0.0,0.9375,0.0625,0.0,0.3125,0.0,0.6875,0.0625,0.0625,0.0625,0.125,0.0,0.0,0.0,0.0625,0.125,0.0625,0.25,0.0625,0.125,90.64460754394533,689034.0819408143,2.537834539424502,5.124024254807073,27.384568214416504
SANTO TOMÁS,2023,19,0.3684210526315789,0.5263157894736842,0.0526315789473684,0.0,0.0526315789473684,0.0,0.0,0.2631578947368421,0.0,0.0,0.0,0.0526315789473684,0.6842105263157895,1.0,0.0,0.4210526315789473,0.5789473684210527,0.0,1.0,0.5789473684210527,0.4210526315789473,0.0,0.0,0.0,1.0,0.0,1.0,0.0,0.0,0.4210526315789473,0.0,0.5789473684210527,0.1578947368421052,0.0,0.0,0.0,0.2105263157894736,0.0526315789473684,0.0,0.0526315789473684,0.0526315789473684,0.1052631578947368,0.1052631578947368,0.2105263157894736,0.0526315789473684,89.91937510172527,469017.0736795909,2.537834539424502,5.124024254807073,28.027135848999023
SOLEDAD,2017,324,0.404320987654321,0.2654320987654321,0.0432098765432098,0.0,0.1851851851851851,0.0092592592592592,0.0925925925925925,0.5246913580246914,0.0246913580246913,0.0339506172839506,0.0061728395061728,0.0185185185185185,0.3919753086419753,0.9783950617283952,0.0216049382716049,0.4320987654320987,0.5679012345679012,0.0,1.0,0.4691358024691358,0.5308641975308642,0.0,0.0,1.0,0.0,0.0,1.0,0.0,0.0,0.324074074074074,0.0030864197530864,0.6728395061728395,0.0185185185185185,0.0092592592592592,0.0185185185185185,0.0092592592592592,0.0185185185185185,0.0216049382716049,0.0185185185185185,0.0462962962962962,0.0925925925925925,0.1111111111111111,0.1604938271604938,0.1574074074074074,0.3179012345679012,88.73133087158203,356540.8429804077,2.112103133879049,1.787470321237574,27.854980468750007
SOLEDAD,2018,675,0.434074074074074,0.237037037037037,0.0118518518518518,0.0014814814814814,0.2103703703703703,0.0088888888888888,0.0962962962962963,0.5525925925925926,0.0044444444444444,0.0251851851851851,0.0044444444444444,0.0296296296296296,0.3837037037037037,0.9851851851851852,0.0148148148148148,0.3407407407407407,0.6592592592592592,0.0,1.0,0.4355555555555555,0.5644444444444444,0.0,0.0,1.0,0.0,0.0,0.9925925925925926,0.0074074074074074,0.0,0.4251851851851851,0.0014814814814814,0.5733333333333334,0.1955555555555555,0.1303703703703703,0.037037037037037,0.0222222222222222,0.0281481481481481,0.0162962962962962,0.0355555555555555,0.0622222222222222,0.0696296296296296,0.0785185185185185,0.0755555555555555,0.1244444444444444,0.1244444444444444,88.67057800292969,270510.114852288,2.112103133879049,1.787470321237574,27.66899013519287
SOLEDAD,2019,610,0.4426229508196721,0.1672131147540983,0.0065573770491803,0.001639344262295,0.2459016393442623,0.0098360655737704,0.1262295081967213,0.5524590163934426,0.0032786885245901,0.0245901639344262,0.0032786885245901,0.0114754098360655,0.4049180327868852,0.9918032786885246,0.0081967213114754,0.3065573770491803,0.6934426229508197,0.001639344262295,0.9983606557377048,0.4540983606557377,0.5459016393442623,0.0,0.0,1.0,0.0,0.0,1.0,0.0,0.0,0.3049180327868852,0.0065573770491803,0.6885245901639344,0.1344262295081967,0.0786885245901639,0.0180327868852459,0.0147540983606557,0.0131147540983606,0.0229508196721311,0.0442622950819672,0.0524590163934426,0.0311475409836065,0.0426229508196721,0.0901639344262295,0.201639344262295,0.2557377049180327,88.94598388671875,295433.5570295216,2.112103133879049,1.787470321237574,27.76598358154297
SOLEDAD,2020,462,0.4415584415584415,0.2251082251082251,0.0303030303030303,0.0021645021645021,0.2056277056277056,0.0,0.0952380952380952,0.6233766233766234,0.0,0.0411255411255411,0.0151515151515151,0.0303030303030303,0.29004329004329,0.9848484848484848,0.0151515151515151,0.3614718614718614,0.6385281385281385,0.0021645021645021,0.997835497835498,0.5173160173160173,0.4826839826839826,0.0,0.0,1.0,0.0,0.0,0.997835497835498,0.0021645021645021,0.0,0.2186147186147186,0.0,0.7813852813852814,0.4393939393939394,0.2316017316017316,0.08008658008658,0.0129870129870129,0.0086580086580086,0.0129870129870129,0.0064935064935064,0.0086580086580086,0.0194805194805194,0.0216450216450216,0.0216450216450216,0.0432900432900432,0.093073593073593,88.9083023071289,400126.4269212719,2.112103133879049,1.787470321237574,27.736400604248047
SOLEDAD,2021,1551,0.4796905222437137,0.2198581560283688,0.0103159252095422,0.0006447453255963,0.2095422308188265,0.0025789813023855,0.0773694390715667,0.5009671179883946,0.0,0.0644745325596389,0.0038684719535783,0.0167633784655061,0.413926499032882,0.9787234042553192,0.0212765957446808,0.3829787234042553,0.6170212765957447,0.0,1.0,0.4539007092198581,0.5460992907801419,0.0,0.0,1.0,0.0,0.0,0.9819471308833012,0.0180528691166989,0.0,0.2385557704706641,0.0038684719535783,0.7575757575757576,0.0161186331399097,0.0167633784655061,0.008381689232753,0.0051579626047711,0.0032237266279819,0.0090264345583494,0.0128949065119277,0.0219213410702772,0.0522243713733075,0.1199226305609284,0.1882656350741457,0.3223726627981947,0.2237266279819471,88.51116180419922,374000.7461156257,2.112103133879049,1.787470321237574,27.59598731994629
SOLEDAD,2022,2125,0.5021176470588236,0.2494117647058823,0.0098823529411764,0.0,0.1849411764705882,0.0014117647058823,0.052235294117647,0.4875294117647059,0.0,0.072,0.0037647058823529,0.0235294117647058,0.4131764705882353,0.9651764705882352,0.0348235294117647,0.420235294117647,0.579764705882353,0.0,1.0,0.4677647058823529,0.532235294117647,0.0,0.0,1.0,0.0,0.0,0.9872941176470588,0.0127058823529411,0.0,0.5265882352941177,0.0037647058823529,0.4696470588235294,0.0865882352941176,0.0555294117647058,0.0254117647058823,0.0108235294117647,0.008,0.0141176470588235,0.0287058823529411,0.0498823529411764,0.064,0.0865882352941176,0.1350588235294117,0.1967058823529411,0.2385882352941176,88.92833709716797,539119.4295429203,2.112103133879049,1.787470321237574,27.534147262573242
SOLEDAD,2023,1250,0.452,0.268,0.0256,0.0024,0.172,0.0016,0.0784,0.4416,0.004,0.0568,0.0032,0.012,0.4824,0.984,0.016,0.4688,0.5312,0.0,1.0,0.4592,0.5408,0.0,0.0,1.0,0.0,0.0,0.9976,0.0024,0.0,0.5056,0.0016,0.4928,0.3216,0.168,0.0576,0.0256,0.0392,0.0256,0.0392,0.0816,0.0568,0.0512,0.036,0.0544,0.0432,88.87889862060547,321774.9037373719,2.112103133879049,1.787470321237574,27.982203483581543
SUAN,2018,1,0.0,0.0,0.0,0.0,1.0,0.0,0.0,1.0,0.0,0.0,0.0,0.0,0.0,1.0,0.0,1.0,0.0,0.0,1.0,1.0,0.0,0.0,0.0,0.0,0.0,1.0,1.0,0.0,0.0,0.0,0.0,1.0,0.0,0.0,0.0,0.0,0.0,1.0,0.0,0.0,0.0,0.0,0.0,0.0,0.0,89.58712005615234,334465.0519275829,0.096866397333771,15.05169670349008,28.25652313232422
SUAN,2019,20,0.3,0.05,0.0,0.0,0.4,0.0,0.25,0.15,0.0,0.0,0.05,0.0,0.8,1.0,0.0,0.7,0.3,0.0,1.0,0.5,0.5,0.0,0.0,0.0,0.0,1.0,1.0,0.0,0.0,0.1,0.05,0.85,0.05,0.05,0.0,0.0,0.0,0.05,0.1,0.05,0.25,0.05,0.05,0.2,0.15,89.21769714355469,305777.8848749644,0.096866397333771,15.05169670349008,28.482250213623047
SUAN,2020,15,0.8666666666666667,0.0,0.0,0.0,0.0666666666666666,0.0,0.0666666666666666,0.7333333333333333,0.0,0.0666666666666666,0.0,0.0,0.2,1.0,0.0,0.8666666666666667,0.1333333333333333,0.0,1.0,0.3333333333333333,0.6666666666666666,0.0,0.0,0.0,0.0,1.0,1.0,0.0,0.0,0.0666666666666666,0.0,0.9333333333333332,0.6,0.2,0.0666666666666666,0.1333333333333333,0.0,0.0,0.0,0.0,0.0,0.0,0.0,0.0,0.0,89.50151824951172,381519.73769484,0.096866397333771,15.05169670349008,28.149518966674805
SUAN,2021,4,0.25,0.0,0.0,0.0,0.25,0.0,0.5,0.25,0.0,0.0,0.0,0.0,0.75,1.0,0.0,1.0,0.0,0.0,1.0,0.25,0.75,0.0,0.0,0.0,0.0,1.0,1.0,0.0,0.0,0.0,0.0,1.0,0.0,0.0,0.0,0.0,0.0,0.0,0.0,0.0,0.0,0.0,0.25,0.25,0.5,89.46827697753906,373539.155241398,0.096866397333771,15.05169670349008,28.03090190887451
SUAN,2022,65,0.4,0.1076923076923077,0.0461538461538461,0.0,0.3692307692307692,0.0,0.0769230769230769,0.1076923076923077,0.0,0.0615384615384615,0.0,0.0307692307692307,0.8,0.9384615384615383,0.0615384615384615,0.6461538461538462,0.3538461538461538,0.0,1.0,0.4153846153846154,0.5846153846153846,0.0,0.0,0.0,0.0,1.0,0.9846153846153848,0.0,0.0153846153846153,0.123076923076923,0.0,0.8769230769230769,0.0615384615384615,0.1846153846153846,0.1076923076923077,0.0307692307692307,0.0769230769230769,0.2153846153846154,0.1076923076923077,0.1538461538461538,0.0461538461538461,0.0153846153846153,0.0,0.0,0.0,90.60259246826172,463243.6593551668,0.096866397333771,15.05169670349008,27.816954612731934
SUAN,2023,14,0.3571428571428571,0.0714285714285714,0.0,0.0,0.2857142857142857,0.0,0.2857142857142857,0.1428571428571428,0.0,0.0,0.0,0.0,0.8571428571428571,1.0,0.0,0.8571428571428571,0.1428571428571428,0.0,1.0,0.4285714285714285,0.5714285714285714,0.0,0.0,0.0,0.0,1.0,1.0,0.0,0.0,0.0714285714285714,0.0,0.9285714285714286,0.0,0.0,0.0,0.0,0.0,0.1428571428571428,0.0,0.0714285714285714,0.2857142857142857,0.2142857142857142,0.0,0.2857142857142857,0.0,89.33922576904297,340193.4900922155,0.096866397333771,15.05169670349008,28.610822677612305
TUBARÁ,2017,10,0.2,0.5,0.3,0.0,0.0,0.0,0.0,0.4,0.0,0.0,0.0,0.0,0.6,0.9,0.1,0.9,0.1,0.0,1.0,0.4,0.6,0.0,1.0,0.0,0.0,0.0,0.2,0.1,0.7,0.1,0.0,0.9,0.0,0.0,0.0,0.0,0.1,0.0,0.0,0.0,0.0,0.0,0.2,0.7,0.0,89.37731170654297,219832.37257087068,2.257754046682011,5.215228565790677,27.22247886657715
TUBARÁ,2018,11,0.2727272727272727,0.2727272727272727,0.0,0.0,0.3636363636363636,0.0,0.0909090909090909,0.7272727272727273,0.0,0.0,0.0,0.0,0.2727272727272727,1.0,0.0,0.7272727272727273,0.2727272727272727,0.0,1.0,0.2727272727272727,0.7272727272727273,0.0,1.0,0.0,0.0,0.0,0.3636363636363636,0.6363636363636364,0.0,0.2727272727272727,0.2727272727272727,0.4545454545454545,0.0,0.0,0.0,0.0,0.0,0.0,0.0909090909090909,0.2727272727272727,0.1818181818181818,0.2727272727272727,0.0909090909090909,0.0,0.0909090909090909,88.83016204833984,147985.44665997976,2.257754046682011,5.215228565790677,27.163583755493164
TUBARÁ,2019,4,0.0,0.75,0.0,0.0,0.25,0.0,0.0,0.25,0.0,0.0,0.0,0.0,0.75,0.75,0.25,0.25,0.75,0.0,1.0,0.5,0.5,0.0,1.0,0.0,0.0,0.0,0.5,0.5,0.0,0.25,0.0,0.75,0.25,0.0,0.0,0.0,0.0,0.0,0.25,0.0,0.0,0.0,0.5,0.0,0.0,88.9022445678711,154603.92412912357,2.257754046682011,5.215228565790677,27.313323974609375
TUBARÁ,2020,17,0.4117647058823529,0.1764705882352941,0.0,0.0,0.3529411764705882,0.0,0.0588235294117647,0.4705882352941176,0.0,0.0,0.0,0.0,0.5294117647058824,0.9411764705882352,0.0588235294117647,0.7058823529411765,0.2941176470588235,0.0588235294117647,0.9411764705882352,0.7058823529411765,0.2941176470588235,0.0,1.0,0.0,0.0,0.0,0.2941176470588235,0.6470588235294118,0.0588235294117647,0.8235294117647058,0.0,0.1764705882352941,0.2352941176470588,0.5882352941176471,0.0588235294117647,0.0,0.0,0.0588235294117647,0.0588235294117647,0.0,0.0,0.0,0.0,0.0,0.0,89.03457641601562,239054.1635835757,2.257754046682011,5.215228565790677,27.203763961791992
TUBARÁ,2021,9,0.3333333333333333,0.2222222222222222,0.1111111111111111,0.0,0.3333333333333333,0.0,0.0,0.4444444444444444,0.0,0.0,0.1111111111111111,0.0,0.4444444444444444,1.0,0.0,0.3333333333333333,0.6666666666666666,0.0,1.0,0.3333333333333333,0.6666666666666666,0.0,1.0,0.0,0.0,0.0,0.4444444444444444,0.5555555555555556,0.0,0.2222222222222222,0.0,0.7777777777777778,0.0,0.0,0.0,0.0,0.1111111111111111,0.0,0.0,0.0,0.1111111111111111,0.0,0.3333333333333333,0.3333333333333333,0.1111111111111111,88.85101318359375,224050.5869322607,2.257754046682011,5.215228565790677,27.001710891723633
TUBARÁ,2022,29,0.5172413793103449,0.1724137931034483,0.0,0.0,0.3103448275862069,0.0,0.0,0.4137931034482758,0.0,0.0344827586206896,0.0,0.0,0.5517241379310345,0.9310344827586208,0.0689655172413793,0.3793103448275862,0.6206896551724138,0.0,1.0,0.6206896551724138,0.3793103448275862,0.0,1.0,0.0,0.0,0.0,0.9310344827586208,0.0689655172413793,0.0,0.3448275862068966,0.0,0.6551724137931034,0.0344827586206896,0.0344827586206896,0.0344827586206896,0.0344827586206896,0.0344827586206896,0.0,0.2068965517241379,0.0,0.0,0.0344827586206896,0.2413793103448276,0.3103448275862069,0.0344827586206896,89.30464935302734,370542.3792909759,2.257754046682011,5.215228565790677,26.89141273498535
TUBARÁ,2023,4,0.75,0.25,0.0,0.0,0.0,0.0,0.0,0.5,0.0,0.0,0.0,0.0,0.5,1.0,0.0,0.0,1.0,0.0,1.0,0.5,0.5,0.0,1.0,0.0,0.0,0.0,0.75,0.25,0.0,0.5,0.0,0.5,0.0,0.25,0.0,0.25,0.0,0.0,0.25,0.0,0.0,0.0,0.0,0.25,0.0,89.13164520263672,202076.5811062349,2.257754046682011,5.215228565790677,27.424134254455566
USIACURÍ,2017,12,0.5,0.3333333333333333,0.0833333333333333,0.0,0.0,0.0,0.0833333333333333,0.1666666666666666,0.0,0.0,0.0,0.0,0.8333333333333334,1.0,0.0,1.0,0.0,0.0,1.0,0.75,0.25,1.0,0.0,0.0,0.0,0.0,0.9166666666666666,0.0,0.0833333333333333,0.0,0.0,1.0,0.0,0.0,0.0,0.0833333333333333,0.0833333333333333,0.0833333333333333,0.0,0.0833333333333333,0.25,0.1666666666666666,0.1666666666666666,0.0833333333333333,0.0,90.4489974975586,442118.2689989021,0.849955816326732,16.59706955994731,27.358304023742676
USIACURÍ,2018,18,0.2222222222222222,0.3888888888888889,0.0555555555555555,0.0,0.1111111111111111,0.0555555555555555,0.1666666666666666,0.1666666666666666,0.0,0.0,0.0,0.0,0.8333333333333334,1.0,0.0,1.0,0.0,0.0,1.0,0.6111111111111112,0.3888888888888889,1.0,0.0,0.0,0.0,0.0,0.9444444444444444,0.0,0.0555555555555555,0.0,0.0,1.0,0.0555555555555555,0.0,0.0,0.0,0.0,0.0555555555555555,0.2222222222222222,0.2777777777777778,0.0,0.0,0.1111111111111111,0.1666666666666666,0.1111111111111111,89.88284810384114,355285.0849317361,0.849955816326732,16.59706955994731,27.382795333862305
USIACURÍ,2019,7,0.4285714285714285,0.4285714285714285,0.1428571428571428,0.0,0.0,0.0,0.0,0.1428571428571428,0.1428571428571428,0.0,0.0,0.0,0.7142857142857143,0.8571428571428571,0.1428571428571428,0.5714285714285714,0.4285714285714285,0.1428571428571428,0.8571428571428571,0.4285714285714285,0.5714285714285714,1.0,0.0,0.0,0.0,0.0,1.0,0.0,0.0,0.1428571428571428,0.0,0.8571428571428571,0.0,0.2857142857142857,0.0,0.0,0.0,0.0,0.1428571428571428,0.0,0.4285714285714285,0.0,0.0,0.1428571428571428,0.0,89.28534189860027,324381.1071428207,0.849955816326732,16.59706955994731,27.69109280904134
USIACURÍ,2020,2,0.5,0.0,0.0,0.0,0.5,0.0,0.0,0.5,0.0,0.0,0.0,0.0,0.5,1.0,0.0,0.5,0.5,0.0,1.0,0.5,0.5,1.0,0.0,0.0,0.0,0.0,1.0,0.0,0.0,0.0,0.0,1.0,0.0,0.5,0.0,0.0,0.0,0.0,0.0,0.0,0.0,0.5,0.0,0.0,0.0,89.68080139160156,423450.8855935247,0.849955816326732,16.59706955994731,27.39894199371338
USIACURÍ,2021,2,0.0,0.5,0.0,0.0,0.5,0.0,0.0,0.5,0.0,0.5,0.0,0.0,0.0,1.0,0.0,0.0,1.0,0.0,1.0,0.5,0.5,1.0,0.0,0.0,0.0,0.0,1.0,0.0,0.0,0.5,0.0,0.5,0.0,0.0,0.0,0.0,0.0,0.0,0.0,0.0,0.0,0.0,0.0,0.0,1.0,89.72848510742188,430759.6272695636,0.849955816326732,16.59706955994731,27.158042589823403
USIACURÍ,2022,9,0.4444444444444444,0.3333333333333333,0.0,0.0,0.1111111111111111,0.0,0.1111111111111111,0.2222222222222222,0.0,0.0,0.0,0.0,0.7777777777777778,1.0,0.0,0.4444444444444444,0.5555555555555556,0.0,1.0,0.5555555555555556,0.4444444444444444,1.0,0.0,0.0,0.0,0.0,1.0,0.0,0.0,0.1111111111111111,0.0,0.8888888888888888,0.1111111111111111,0.0,0.0,0.0,0.2222222222222222,0.0,0.1111111111111111,0.0,0.0,0.0,0.2222222222222222,0.1111111111111111,0.2222222222222222,90.94701639811198,568303.6927129307,0.849955816326732,16.59706955994731,27.008939107259117
USIACURÍ,2023,212,0.5188679245283019,0.1226415094339622,0.0094339622641509,0.0,0.2594339622641509,0.0,0.0896226415094339,0.2028301886792453,0.0047169811320754,0.0188679245283018,0.0,0.0,0.7735849056603774,1.0,0.0,0.4528301886792453,0.5471698113207547,0.0,1.0,0.4858490566037736,0.5141509433962265,1.0,0.0,0.0,0.0,0.0,0.9952830188679244,0.0047169811320754,0.0,0.0613207547169811,0.0141509433962264,0.9245283018867924,0.0047169811320754,0.0,0.0,0.0094339622641509,0.0235849056603773,0.0330188679245283,0.2169811320754717,0.2924528301886792,0.1084905660377358,0.1367924528301886,0.1132075471698113,0.0518867924528301,0.0094339622641509,90.00780741373698,372214.75067557534,0.849955816326732,16.59706955994731,27.687241872151695
